,600008.SH,600021.SH,600022.SH,600027.SH,600032.SH,600038.SH,600056.SH,600060.SH,600062.SH,600066.SH,600079.SH,600095.SH,600096.SH,600109.SH,600118.SH,600126.SH,600131.SH,600141.SH,600143.SH,600153.SH,600155.SH,600157.SH,600160.SH,600161.SH,600166.SH,600167.SH,600170.SH,600171.SH,600177.SH,600195.SH,600208.SH,600258.SH,600259.SH,600271.SH,600282.SH,600297.SH,600298.SH,600299.SH,600315.SH,600316.SH,600325.SH,600329.SH,600339.SH,600348.SH,600350.SH,600352.SH,600369.SH,600372.SH,600373.SH,600377.SH,600378.SH,600380.SH,600390.SH,600392.SH,600398.SH,600399.SH,600409.SH,600415.SH,600416.SH,600418.SH,600435.SH,600481.SH,600482.SH,600486.SH,600487.SH,600489.SH,600497.SH,600498.SH,600499.SH,600500.SH,600507.SH,600511.SH,600516.SH,600517.SH,600521.SH,600528.SH,600529.SH,600535.SH,600536.SH,600546.SH,600549.SH,600556.SH,600563.SH,600566.SH,600580.SH,600582.SH,600597.SH,600598.SH,600623.SH,600637.SH,600642.SH,600655.SH,600663.SH,600667.SH,600673.SH,600699.SH,600704.SH,600705.SH,600707.SH,600718.SH,600737.SH,600739.SH,600755.SH,600764.SH,600765.SH,600782.SH,600801.SH,600808.SH,600820.SH,600827.SH,600839.SH,600848.SH,600859.SH,600862.SH,600863.SH,600867.SH,600871.SH,600873.SH,600879.SH,600885.SH,600895.SH,600901.SH,600906.SH,600909.SH,600927.SH,600928.SH,600956.SH,600959.SH,600967.SH,600968.SH,600970.SH,600985.SH,600988.SH,600995.SH,600998.SH,601000.SH,601005.SH,601016.SH,601058.SH,601077.SH,601098.SH,601106.SH,601108.SH,601118.SH,601128.SH,601136.SH,601139.SH,601156.SH,601158.SH,601162.SH,601168.SH,601179.SH,601187.SH,601198.SH,601228.SH,601231.SH,601233.SH,601298.SH,601456.SH,601555.SH,601568.SH,601577.SH,601598.SH,601608.SH,601611.SH,601636.SH,601665.SH,601666.SH,601696.SH,601717.SH,601718.SH,601778.SH,601828.SH,601866.SH,601869.SH,601880.SH,601928.SH,601958.SH,601966.SH,601969.SH,601990.SH,601991.SH,601992.SH,601997.SH,603000.SH,603026.SH,603056.SH,603077.SH,603127.SH,603156.SH,603160.SH,603218.SH,603225.SH,603228.SH,603233.SH,603267.SH,603317.SH,603338.SH,603355.SH,603379.SH,603444.SH,603456.SH,603517.SH,603529.SH,603568.SH,603589.SH,603596.SH,603638.SH,603650.SH,603658.SH,603688.SH,603707.SH,603712.SH,603737.SH,603786.SH,603816.SH,603826.SH,603858.SH,603866.SH,603868.SH,603882.SH,603883.SH,603885.SH,603893.SH,603927.SH,603939.SH,605358.SH,688002.SH,688006.SH,688009.SH,688029.SH,688052.SH,688072.SH,688082.SH,688099.SH,688105.SH,688107.SH,688116.SH,688169.SH,688185.SH,688188.SH,688200.SH,688208.SH,688220.SH,688234.SH,688248.SH,688256.SH,688276.SH,688281.SH,688289.SH,688295.SH,688301.SH,688385.SH,688390.SH,688516.SH,688520.SH,688521.SH,688536.SH,688538.SH,688567.SH,688690.SH,688772.SH,688777.SH,688778.SH,688779.SH,688819.SH,689009.SH,000009.SZ,000012.SZ,000021.SZ,000027.SZ,000031.SZ,000039.SZ,000050.SZ,000060.SZ,000066.SZ,000089.SZ,000155.SZ,000156.SZ,000400.SZ,000401.SZ,000402.SZ,000415.SZ,000423.SZ,000513.SZ,000519.SZ,000537.SZ,000547.SZ,000553.SZ,000559.SZ,000563.SZ,000581.SZ,000591.SZ,000598.SZ,000623.SZ,000629.SZ,000630.SZ,000636.SZ,000683.SZ,000703.SZ,000709.SZ,000728.SZ,000729.SZ,000738.SZ,000739.SZ,000750.SZ,000778.SZ,000783.SZ,000785.SZ,000807.SZ,000825.SZ,000830.SZ,000831.SZ,000869.SZ,000878.SZ,000883.SZ,000887.SZ,000893.SZ,000898.SZ,000930.SZ,000932.SZ,000933.SZ,000937.SZ,000958.SZ,000959.SZ,000960.SZ,000967.SZ,000970.SZ,000975.SZ,000987.SZ,000988.SZ,000997.SZ,000998.SZ,001203.SZ,001227.SZ,001872.SZ,001914.SZ,002008.SZ,002010.SZ,002019.SZ,002025.SZ,002028.SZ,002030.SZ,002032.SZ,002056.SZ,002065.SZ,002078.SZ,002080.SZ,002081.SZ,002092.SZ,002110.SZ,002128.SZ,002131.SZ,002138.SZ,002152.SZ,002153.SZ,002155.SZ,002156.SZ,002183.SZ,002185.SZ,002192.SZ,002195.SZ,002203.SZ,002221.SZ,002223.SZ,002240.SZ,002244.SZ,002249.SZ,002250.SZ,002266.SZ,002268.SZ,002273.SZ,002281.SZ,002294.SZ,002299.SZ,002326.SZ,002340.SZ,002353.SZ,002368.SZ,002372.SZ,002373.SZ,002384.SZ,002385.SZ,002399.SZ,002407.SZ,002408.SZ,002409.SZ,002422.SZ,002423.SZ,002429.SZ,002430.SZ,002432.SZ,002439.SZ,002444.SZ,002463.SZ,002465.SZ,002468.SZ,002487.SZ,002497.SZ,002500.SZ,002505.SZ,002506.SZ,002507.SZ,002508.SZ,002511.SZ,002518.SZ,002531.SZ,002532.SZ,002557.SZ,002563.SZ,002568.SZ,002572.SZ,002595.SZ,002600.SZ,002608.SZ,002624.SZ,002625.SZ,002653.SZ,002670.SZ,002673.SZ,002683.SZ,002690.SZ,002705.SZ,002738.SZ,002739.SZ,002745.SZ,002761.SZ,002791.SZ,002797.SZ,002831.SZ,002850.SZ,002867.SZ,002901.SZ,002925.SZ,002926.SZ,002936.SZ,002939.SZ,002945.SZ,002958.SZ,002966.SZ,002985.SZ,003035.SZ,300001.SZ,300003.SZ,300009.SZ,300012.SZ,300017.SZ,300024.SZ,300026.SZ,300037.SZ,300058.SZ,300070.SZ,300073.SZ,300088.SZ,300115.SZ,300118.SZ,300136.SZ,300144.SZ,300146.SZ,300182.SZ,300212.SZ,300244.SZ,300251.SZ,300253.SZ,300257.SZ,300285.SZ,300296.SZ,300308.SZ,300357.SZ,300363.SZ,300373.SZ,300383.SZ,300390.SZ,300395.SZ,300418.SZ,300438.SZ,300442.SZ,300474.SZ,300482.SZ,300487.SZ,300529.SZ,300558.SZ,300568.SZ,300595.SZ,300604.SZ,300618.SZ,300676.SZ,300677.SZ,300682.SZ,300699.SZ,300724.SZ,300741.SZ,300748.SZ,300776.SZ,300832.SZ,300850.SZ,300861.SZ,300866.SZ,300888.SZ,301029.SZ
2019/3/31,0.6751,1.2182,0.5184,1.2282,0.0000,0.3852,2.8285,0.3497,3.7893,1.2814,1.6975,0.0000,1.1371,0.0000,0.6814,2.0080,1.9607,0.9632,1.6162,0.3980,0.0000,1.0883,3.0587,4.3264,0.4600,9.1486,1.1412,3.7925,1.5842,1.9019,0.9435,1.1662,1.1939,3.7077,2.9736,1.4278,3.4246,2.1860,2.7919,-0.1871,0.5592,2.9647,0.3317,1.8142,1.5918,3.1356,0.0000,0.2297,2.1933,3.0122,1.3351,2.9438,1.2706,0.8236,5.4484,0.8168,1.3125,1.3388,-0.1996,0.3175,0.0422,0.6210,0.4447,5.4335,1.7930,0.8718,1.7921,0.7971,1.6160,1.7891,5.1744,2.0904,5.1165,0.2186,2.1188,1.2958,2.9212,2.6925,-2.2446,1.8919,0.7296,-6.7306,3.9698,7.2379,2.2146,0.5111,1.9265,2.8573,1.1105,1.7387,1.5137,0.8987,2.1200,1.0131,4.9864,1.6642,1.9433,0.5838,-0.8020,-0.1908,1.6023,2.2852,1.8743,0.9363,0.7617,2.0751,4.3336,0.4963,0.8515,1.4040,0.4872,0.9703,2.5907,2.0983,1.1223,5.6764,0.8886,2.4074,0.6137,3.2935,1.3864,0.0000,0.0000,0.0000,0.0000,0.0000,3.0965,0.2483,0.3229,0.6753,1.3390,2.4971,1.6735,7.2947,1.0328,2.3932,0.6480,1.2227,1.5787,0.0000,1.4779,0.4908,0.0000,0.4354,0.0000,0.0000,1.7689,0.0000,1.7116,0.0000,1.5336,0.3159,0.0000,0.0000,1.7635,1.4655,2.2643,2.5220,0.0000,0.0000,0.0000,0.0000,1.4122,0.4419,0.5569,2.0350,0.0000,1.5508,0.0000,1.8991,0.2423,0.0000,1.9760,1.1389,2.2066,0.9204,1.1821,0.7485,1.7262,0.9013,0.0000,1.0502,0.5305,0.0000,-0.7203,5.9987,-0.4331,1.0444,1.3408,6.9593,9.0111,2.2735,2.1520,2.9618,3.7534,7.0531,6.0486,3.3537,2.5278,6.5963,7.7483,1.9247,5.3872,0.0000,5.0307,8.0752,4.3494,5.9877,3.9042,5.1012,2.3229,5.0187,0.2773,-0.1138,0.0000,3.9807,2.9140,1.9916,3.8131,5.9744,1.6499,2.7927,2.7626,0.0000,0.4484,3.0046,0.0000,2.1666,3.4027,1.1396,8.8254,0.0000,0.0000,0.0000,2.5185,0.0000,0.0000,3.5559,0.0000,0.0000,15.4805,7.9430,0.0000,0.0000,0.0000,0.0000,0.0000,0.0000,0.0000,0.0000,0.0000,0.0000,0.0000,0.0000,0.0000,-12.8234,0.0000,0.0000,0.0000,0.0000,0.0000,0.0000,0.0000,0.0000,0.0000,0.0000,0.0000,1.3047,1.2904,0.3608,1.1321,2.3435,0.5143,0.7238,1.7124,0.7181,1.5990,3.6209,1.5097,0.2433,0.7404,0.9345,1.6049,3.3894,3.0691,0.8497,0.8992,1.4322,2.0257,2.2226,2.8051,3.4270,1.0092,1.5616,2.7962,6.2381,1.2388,2.7489,2.1054,1.2975,0.8475,0.0000,0.7088,1.1899,2.7348,0.0000,1.2853,0.0000,2.9305,0.8138,0.7953,2.3096,0.7546,4.6204,1.3416,1.6849,2.4938,0.2180,0.9530,0.7234,2.7029,0.9124,1.2467,1.7183,0.7292,1.4468,1.2722,1.4196,2.3293,0.5161,1.4557,2.5015,0.9294,0.0000,0.0000,2.1938,1.0244,1.5570,1.1894,2.1706,2.0119,0.5442,1.2690,6.5118,2.2213,1.0457,2.0600,1.5538,2.0463,0.9329,4.5737,5.3372,1.5000,2.0255,1.9270,0.4749,0.9433,-0.0477,1.0313,0.4374,-1.6744,4.8877,1.8847,2.2184,4.2059,1.0178,0.9403,0.2209,2.7894,0.8579,-1.7033,1.3248,1.1840,4.8552,5.2073,2.4656,1.5418,1.2839,0.3308,3.1982,1.2422,1.3209,0.1638,5.0720,1.1365,2.2223,1.1143,1.8519,1.9270,0.8103,2.2699,-1.5299,-1.2025,2.4918,2.9292,0.2783,4.3764,0.4530,1.2861,0.0000,0.9657,0.9015,5.9375,3.8324,3.0563,1.6030,1.0517,1.6204,2.7456,2.2981,2.2527,1.6577,3.6156,3.9460,3.5645,3.9268,-0.1920,1.4166,0.0000,0.0000,0.9617,2.6020,1.8686,1.3871,2.3866,1.2311,0.7961,0.2419,0.0000,2.3336,0.9450,4.2717,5.9991,3.9003,0.0000,0.0000,0.0000,0.0000,0.0000,0.0000,0.0000,0.0000,0.7904,5.0078,2.5969,1.6127,0.9869,0.8858,2.6665,1.8327,1.7194,0.5503,1.7224,2.5096,1.1029,2.4126,3.9869,4.0015,6.3593,1.1333,1.3051,1.9757,1.0050,0.9471,0.6549,3.3945,3.0753,1.4918,6.1804,0.7828,1.2937,2.1837,1.6723,2.5047,5.6908,1.2075,0.5601,0.5601,3.6064,3.9111,7.1038,1.9991,2.6662,4.4444,-0.3038,-2.2631,2.1819,2.1524,-1.9822,5.0708,2.4858,2.9644,1.9764,9.0754,0.0000,0.0000,0.0000,0.0000,0.0000,0.0000
2019/6/30,1.5714,2.6678,1.8176,2.2832,4.3905,1.0746,4.5154,0.5996,7.1587,2.4927,3.1829,0.0000,2.2421,0.0000,1.8246,3.2208,5.3902,2.0488,3.3307,1.1845,0.0000,2.2219,5.5726,9.3554,0.4583,9.2073,1.7671,4.5496,3.7094,3.2556,2.1851,3.6787,3.1550,6.4087,6.6401,2.7846,6.7210,4.1360,5.2053,0.0519,1.2184,5.3428,0.3221,3.6388,3.7540,6.5214,0.0000,1.6313,3.9777,6.4079,3.5923,4.7746,2.2182,3.2681,9.5683,1.9187,2.9135,3.3561,-2.0752,0.5645,0.6564,2.3991,1.2475,9.6685,3.0175,1.5930,3.4961,1.7821,2.8165,3.8015,10.6535,5.3475,9.5625,0.6150,5.0238,2.8272,5.3497,5.3204,-4.3444,4.3899,1.8871,-48.7581,8.4598,14.1395,4.5127,2.3521,3.8505,8.1021,1.9296,3.4276,3.1588,2.6129,4.9406,2.5641,7.0002,3.0699,3.6162,1.2586,-0.3630,-0.2236,2.6704,3.2332,3.0608,1.1871,1.8324,5.0753,13.4043,2.5447,1.7842,2.7455,0.6851,5.4621,4.2946,4.3017,3.3155,11.3405,1.8142,4.9410,1.5257,6.5564,2.3663,0.0000,0.0000,0.0000,0.0000,0.0000,4.8256,0.8692,1.2919,3.5470,2.5375,4.8781,3.1330,12.6439,2.3007,4.8049,2.5846,2.8929,4.2572,0.0000,3.3498,0.9737,0.0000,0.9458,0.0000,0.0000,3.9702,0.0000,4.4232,0.0000,3.3061,0.6449,0.0000,0.0000,3.4778,2.4163,5.6840,4.9840,0.0000,0.0000,9.0675,0.0000,3.2147,1.2006,1.0135,5.1023,0.0000,2.8783,0.0000,3.8237,0.4723,2.3321,3.9815,1.8565,3.7517,2.1118,3.4909,2.2884,3.6097,1.2887,0.0000,2.1766,2.3933,0.0000,1.6364,9.5650,2.0074,2.6785,3.9077,10.4901,18.9813,5.5062,4.5207,5.9902,7.2703,11.4500,7.1940,7.5992,5.7596,12.6421,17.6954,3.6174,11.8970,3.0143,9.5880,14.1754,6.8636,12.4102,7.6783,13.5601,5.8230,8.6636,1.5700,3.6732,10.0510,7.7873,6.2067,5.7829,9.8705,12.5854,5.7511,4.7460,4.0620,2.9116,3.4185,5.8839,0.0000,5.9639,8.4098,3.4785,17.7466,0.0000,0.0000,0.0000,5.8259,0.0000,0.0000,7.1276,28.7346,0.0000,31.8632,12.6877,10.6930,0.0000,0.0000,0.0000,0.0000,0.0000,0.0000,0.0000,0.0000,0.0000,0.0000,5.0978,3.2343,-58.7383,0.7129,0.0000,0.0000,0.5313,0.0000,0.0000,0.0000,0.0000,0.0000,3.7506,0.0000,2.6347,3.2976,1.6407,2.6775,4.0962,1.3294,1.5924,3.1468,1.2859,2.7562,5.5839,2.4686,1.7643,5.9807,1.8850,2.7321,1.7004,5.0925,1.7921,3.0415,2.7414,2.3633,3.2336,3.8190,6.1268,2.4538,3.5028,3.7064,9.9344,2.3126,4.8553,3.9026,3.5908,1.8569,0.0000,3.8771,2.8579,5.9346,0.0000,2.9204,0.0000,6.1519,1.7832,2.3596,4.5508,2.3441,6.1709,2.8487,3.4276,3.6681,0.9197,2.7373,1.7017,5.5557,2.1525,2.6272,2.7645,1.8625,3.0200,3.2755,2.6351,6.1156,1.9383,4.4034,4.3428,1.7589,0.0000,0.0000,6.4158,1.9593,2.7189,3.6549,6.1252,4.5910,2.9336,2.4322,10.6909,4.8903,2.7256,4.4637,3.8007,3.9614,2.0293,10.4467,7.4404,2.3555,4.3196,3.5679,1.6374,1.8379,-0.1173,2.1548,1.4460,-2.4748,6.8511,4.5078,4.1377,8.8774,2.5150,1.6052,2.5398,3.9505,1.3892,-2.0423,3.2182,2.1192,9.6283,12.7009,3.2680,3.0934,4.6297,0.3351,11.6555,2.9560,2.4556,0.9755,5.2347,2.0022,3.8655,2.6295,3.8210,2.9509,1.9160,4.7718,-3.4428,-0.3938,5.7665,7.7969,2.1660,8.8048,2.3738,3.8449,0.0000,0.4245,1.1401,12.1215,8.1491,6.4243,3.8267,3.6321,4.0204,5.7046,5.7700,7.1816,6.2498,7.8693,6.2953,5.0090,7.1749,0.0453,6.1982,0.0000,0.0000,3.3496,9.3057,3.6368,3.9920,2.8109,2.3907,-0.4673,3.2743,0.0000,3.8666,3.4401,10.6249,13.9435,9.7143,0.0000,0.0000,0.0000,0.0000,0.0000,0.0000,6.3377,0.0000,1.4313,9.9762,5.9247,4.9546,7.0257,2.8163,5.2091,3.7916,3.8649,0.7624,3.9894,6.2667,2.4019,3.3663,6.1104,8.5898,10.5186,1.8387,2.8514,5.2615,0.9060,2.9745,0.9858,7.0446,4.7458,2.7587,12.1461,2.0523,2.9606,4.3118,3.1062,7.8946,8.9928,3.3219,1.8295,3.0385,9.5684,7.7791,16.6900,3.4602,5.6134,10.2008,-0.7667,-3.2647,4.2135,3.5979,15.1844,9.9599,5.5238,6.7333,3.8783,11.6224,0.0000,5.3302,16.1939,13.5102,6.9718,0.0000
2019/9/30,2.6365,4.0280,2.3294,3.5592,0.0000,1.7991,6.3410,1.4866,10.1534,4.3448,5.6053,0.0000,3.2591,0.0000,2.4240,3.5794,6.2384,3.5030,6.0999,1.6026,0.0000,3.4070,6.7498,14.2293,0.4074,9.9351,2.4227,5.0808,5.4845,5.5600,3.4521,6.6991,3.8561,9.8163,8.3275,4.5208,9.4343,6.3551,6.5789,-0.1845,1.5739,7.4069,0.6503,5.2929,5.2106,10.1567,0.0000,2.4026,5.3418,9.9081,4.5222,6.9483,3.4846,4.9475,12.2086,2.6968,4.1556,5.4612,-3.2240,0.8667,1.0068,4.0891,1.5507,15.1248,4.9250,2.6952,4.5394,2.6009,3.7567,4.5640,13.4866,7.5257,12.3813,0.8705,7.1145,4.0958,7.9920,7.1120,-4.9364,6.5508,2.9455,-94.1948,11.9842,18.5706,6.0791,3.4378,4.9278,11.5508,2.1657,4.3101,4.3178,3.0744,6.2939,3.9952,10.2807,4.1441,5.3478,1.9111,-0.7651,-0.2139,4.9441,4.7356,4.2605,1.7783,3.1536,6.9933,19.9320,3.6902,2.7531,3.0758,1.1475,7.5713,5.1915,5.5565,4.8020,15.0545,2.6057,6.5739,2.2254,9.3954,3.6657,0.0000,0.0000,0.0000,0.0000,0.0000,5.4915,1.2195,1.4566,5.0496,3.6743,7.1158,4.3370,15.9399,3.3503,6.5949,3.1057,4.0609,7.6595,0.0000,4.4338,1.5087,0.0000,1.3097,0.0000,0.0000,6.1960,0.0000,7.5412,0.0000,4.6227,0.8658,0.0000,0.0000,4.8365,4.6482,9.6889,7.5143,0.0000,0.0000,0.0000,0.0000,4.5634,1.5981,1.8007,9.1037,0.0000,4.2296,0.0000,5.2107,0.7026,3.9792,5.7545,2.6054,5.4717,3.6136,4.3641,3.9077,5.9714,2.9075,0.0000,3.3430,3.3988,0.0000,3.2665,13.3756,2.8785,4.2731,7.2370,14.9969,30.1988,8.5606,7.9724,8.4355,10.7491,15.1509,13.1328,12.1319,8.3849,16.9435,23.7929,4.4803,18.0957,0.0000,14.8239,19.6055,10.6544,17.6581,10.8473,19.6499,8.5082,12.9094,2.5164,8.1186,15.2431,11.6406,8.7336,9.2164,14.2586,19.5629,10.0575,6.9884,7.5829,5.2187,3.6815,8.4009,0.0000,6.2460,10.3584,4.2206,14.1288,0.0000,0.0000,0.0000,4.6634,0.0000,0.0000,8.2099,43.9347,-10.1095,16.9120,24.7912,17.7021,0.0000,0.0000,0.0000,0.0000,0.0000,0.0000,0.0000,0.0000,0.0000,0.0000,0.0000,1.7647,-86.2180,0.0000,0.0000,0.0000,0.7789,0.0000,0.0000,5.7274,0.0000,0.0000,0.0000,0.0000,4.0602,4.8251,1.4106,4.2869,5.2253,1.7498,2.6489,4.4041,1.6887,4.3035,5.7686,2.7257,2.5808,9.8533,2.4936,3.7735,2.2184,7.3915,2.9281,4.6077,3.6661,5.5487,4.3559,4.7539,8.2765,4.3402,5.5449,4.9286,11.7950,3.7113,5.8136,5.2066,5.7005,2.7715,0.0000,4.7015,3.8759,8.6380,0.0000,4.1680,0.0000,8.1540,2.7826,3.8164,5.5562,2.2909,7.5961,4.4260,5.2279,4.7065,1.6768,3.4685,3.3138,8.3282,7.1672,3.8651,3.7279,2.5080,4.2130,5.0059,3.6544,8.8864,2.3426,6.0016,6.3164,0.4825,0.0000,0.0000,7.2888,2.9574,3.4915,4.9247,9.0500,7.1879,6.1096,3.0626,14.7700,7.0618,5.2151,7.3139,5.5186,6.1609,2.7364,13.4879,11.1307,3.1468,6.6589,4.8626,1.8165,2.4268,0.6206,3.4649,2.4248,-4.6266,8.0580,6.5416,6.9295,11.5270,3.5406,3.0134,2.6775,4.9534,1.9215,-1.8773,7.2183,3.1964,10.8866,20.2915,6.4857,4.8053,7.6461,0.9345,17.6254,4.7414,4.8809,3.0893,6.4058,2.7558,5.8053,4.9375,5.1694,3.7263,3.5005,6.4489,-5.4631,1.2605,8.2854,13.4687,3.0587,11.5470,3.8758,4.5554,0.0000,1.6763,1.5454,19.2648,12.7152,10.0910,6.5188,5.6568,6.2228,9.8736,9.8906,12.3944,11.6411,12.7694,10.2953,6.0739,10.0117,0.0681,9.8651,0.0000,0.0000,5.3161,17.1814,7.5190,5.1154,4.2501,4.7998,-0.0931,6.9885,0.0000,7.6222,6.1618,16.3958,22.1603,14.2654,0.0000,0.0000,0.0000,0.0000,0.0000,0.0000,0.0000,4.1941,2.4502,13.4973,10.0797,10.4781,6.5580,3.8082,7.7857,6.4576,5.2162,1.7832,5.7625,9.7366,3.4172,4.5989,12.8150,13.6873,14.0777,2.6772,3.6849,7.7118,12.2089,5.3884,1.8387,10.1045,6.9738,4.3624,22.0791,3.8995,4.9740,6.6295,5.5237,9.0643,13.5683,6.3029,1.8770,4.8211,13.0199,12.6870,22.2210,6.8041,5.7429,19.5096,-0.8791,-1.2288,5.7283,5.7949,15.3825,14.0028,7.6156,9.8833,6.6293,17.1196,0.0000,0.0000,0.0000,0.0000,0.0000,0.0000
2019/12/31,3.6078,4.7834,2.5671,4.6032,5.7955,2.5410,6.6645,2.6999,11.5922,5.6537,7.3110,0.0000,4.3096,0.0000,3.4659,3.7327,11.5843,4.0012,7.5999,4.6265,0.0000,4.2258,6.8131,17.9251,0.4585,16.6921,3.0570,7.0517,7.1315,5.5540,3.7250,8.1845,3.4814,13.6723,9.7531,5.1929,12.7281,7.6459,7.0050,1.8093,2.2432,9.8089,1.4375,5.6818,6.9940,12.4029,0.0000,4.1747,7.5028,11.5128,7.1768,7.7681,4.0789,3.4047,14.4564,4.4481,5.1836,6.3340,-6.8401,0.7414,2.5698,6.7511,2.1861,16.8596,5.8190,3.7383,4.9808,4.3620,3.3126,4.7918,19.7477,10.6431,12.4062,1.3959,9.1456,5.0997,10.8755,7.1095,2.5195,7.9094,4.3222,28.5158,16.9509,22.7283,7.5465,4.0997,6.5205,10.2880,2.7127,5.9571,5.9133,6.6443,8.6023,5.3331,13.2303,4.3084,6.2308,2.3959,0.6469,-0.4153,5.6765,5.4358,5.2330,17.4295,4.1270,9.5131,25.4983,3.6847,4.0100,3.1924,1.4447,8.0339,6.0061,9.3512,5.4571,17.8636,3.6312,7.4305,2.9196,12.1806,4.6717,0.0000,0.0000,0.0000,0.0000,0.0000,7.1494,0.8784,1.9141,6.6591,5.2953,8.7782,6.2130,14.8450,5.0099,9.3526,3.9096,5.4083,9.3933,0.0000,6.2705,2.3097,0.0000,1.8083,0.0000,0.0000,7.0146,16.6512,8.4982,0.0000,5.7972,1.3488,0.0000,0.0000,5.6463,6.9672,11.0749,9.1062,0.0000,0.0000,17.4580,0.0000,5.9295,1.7609,2.1870,12.9323,0.0000,5.4128,0.0000,5.9870,0.9145,5.5690,7.2218,3.6724,6.7332,5.0208,5.0594,4.4872,7.4812,4.0106,0.0000,4.4411,4.0304,0.0000,10.7658,13.0255,5.6407,4.5651,15.9463,21.6732,38.1382,10.6239,9.3585,10.9280,12.1861,17.2039,19.3747,18.4364,11.1534,18.1546,29.0294,7.3215,23.1308,7.4295,18.0470,24.6246,12.9712,18.9436,10.3306,26.3018,10.8271,16.4850,7.0875,11.3884,18.5053,14.2660,10.8308,12.2900,19.2794,24.5615,12.5322,8.8966,6.3690,9.1319,8.0841,9.8332,5.7502,10.4844,10.2552,5.4670,18.6126,-9.5052,-2.3515,16.3093,6.2971,8.5366,13.0144,9.9053,56.9942,-15.5219,20.5189,29.8909,24.0592,-59.5902,-9.9116,8.0346,-30.6991,18.1481,-51.3412,7.6641,4.1401,17.8692,-6.1870,13.2304,7.6914,-116.8229,-1.5630,38.1401,-4.3995,1.1263,5.7236,10.0675,9.2509,4.1188,5.9975,11.6153,-11.0557,5.4143,5.0636,3.7395,4.5534,5.4714,4.0837,2.7091,5.9314,7.7316,5.2829,6.5046,3.5156,3.7715,12.0953,4.6798,4.5119,-3.6737,8.5185,2.5394,6.0541,7.9081,2.5338,5.4695,5.6428,10.6765,5.3316,6.0972,5.9987,12.4578,4.4438,5.1493,5.7336,7.7988,3.2343,0.0000,2.1917,4.2924,10.6994,0.0000,4.7930,0.0000,21.6869,3.8792,4.2770,8.9115,4.1794,11.6549,5.1694,5.3962,5.1348,2.1613,3.3886,4.3722,11.0196,5.0226,5.0462,7.5648,2.9848,5.6131,7.0064,5.2882,10.6521,2.1985,6.2060,6.4702,0.5161,10.5590,0.0000,8.8827,4.2911,4.3989,7.7826,10.7285,9.6381,7.5901,1.3632,19.8441,9.1627,4.3504,10.1317,7.5563,7.7243,2.8325,17.0266,14.3597,3.2540,8.2160,7.0825,2.7834,3.5785,1.2222,3.7821,3.3808,-32.9085,6.9164,6.5887,7.2257,11.5687,0.0828,5.7895,1.4593,3.9743,3.7958,2.0249,9.7730,5.0297,10.8877,29.0936,6.8650,5.5417,11.4540,3.9425,24.5703,7.7533,4.2478,4.8754,10.5689,-3.6383,6.5329,7.5837,5.9655,3.7506,5.0883,7.8912,0.8886,12.8943,10.2245,18.2360,4.7779,13.7086,6.1641,4.0572,0.0000,2.2188,2.5892,22.3084,17.7788,13.0851,9.0969,8.3569,8.5406,14.2643,11.9575,15.0557,16.8350,16.7775,10.0096,7.5068,9.5377,0.3596,11.9264,0.0000,0.0000,6.7274,22.8215,10.3099,5.6236,-17.2166,3.8117,4.6119,11.1569,0.0000,11.7331,8.5489,21.8736,27.7057,21.5146,0.0000,0.0000,0.0000,0.0000,0.0000,0.0000,20.2967,5.7221,3.4287,15.0814,5.4678,12.7703,-0.1069,3.9996,6.0631,7.9283,5.9863,3.9817,-4.6475,11.7930,3.4749,6.0362,15.6974,14.7076,-4.6494,-15.0020,6.2216,9.1013,10.4526,8.8735,2.7385,14.0009,6.6320,6.5553,25.8760,4.8695,7.4471,8.7258,6.7128,12.0889,16.7034,4.3683,1.6119,6.0285,17.9225,14.2425,29.1106,8.1972,4.2793,23.4520,0.3696,0.0372,5.8088,8.2121,27.0355,16.0862,8.1010,14.3483,8.6674,21.6848,29.4441,14.3321,29.3122,31.2938,15.2259,15.7385
2020/3/31,0.6275,1.0454,0.6678,1.4423,0.0000,0.2076,1.5225,0.3993,2.8459,-0.6511,1.4402,0.0000,0.8879,0.0000,0.4764,0.4062,0.6001,0.4642,1.4547,1.0867,0.0000,0.8680,-0.0138,3.5009,-0.2886,9.7152,0.3336,0.9137,1.8013,2.6976,0.5169,-3.6939,0.4790,-1.5511,1.6362,0.3752,4.1577,2.3765,1.2555,-0.1084,0.5121,2.4123,-0.1538,1.1731,0.0424,2.9483,0.0000,0.7069,1.4733,0.1882,1.2234,2.6447,1.3204,0.5858,1.3466,1.1288,-0.8331,1.3788,0.1341,-0.8593,-0.2722,-0.8087,-0.0289,5.0731,0.9921,0.9802,1.1136,-0.3536,0.9296,1.1003,2.3997,1.3560,0.0915,1.9003,2.7866,0.9817,2.8734,1.9098,-3.1310,1.6773,1.1358,3.1955,3.1832,5.8432,0.9427,0.3459,1.2883,3.9300,-0.3604,0.6880,1.2622,0.9203,2.2440,0.9415,3.8316,0.6943,1.3746,0.5374,-0.8716,-0.6974,1.0904,0.7939,1.1634,-0.3004,0.7122,1.4251,1.4545,0.7704,0.5415,0.2482,-0.4221,1.1706,-1.0200,3.0767,0.8954,5.8422,0.1089,2.0109,0.3922,2.3128,1.8161,0.0000,0.0000,0.0000,0.0000,0.0000,2.5046,-0.0409,0.2375,0.8327,0.6095,1.9199,1.5596,3.9486,1.5187,2.2637,0.1784,1.2814,1.9548,0.0000,0.8485,0.5049,0.0000,-0.8435,0.0000,0.0000,1.4147,3.6638,1.3453,0.0000,0.9450,0.1631,0.0000,0.0000,1.2933,1.1109,1.3595,2.5335,0.0000,0.0000,0.0000,0.0000,0.6643,0.3345,0.4166,1.7866,0.0000,1.4596,0.0000,2.0841,0.1735,0.7248,0.9729,0.6796,0.3942,1.1394,0.8027,0.7560,1.5873,0.6150,0.0000,1.0557,0.2234,0.0000,-0.7334,-0.1502,-0.9706,0.0551,1.4290,4.4154,2.8092,2.2247,0.5103,2.7544,4.3723,3.4841,3.9739,2.7932,1.4485,1.9448,10.3339,1.0069,1.8530,0.0000,3.5274,3.4600,2.9960,3.5986,1.8652,2.3932,1.7316,4.6880,0.2512,-2.6657,3.0721,3.6049,2.3309,1.8671,4.9129,4.8475,1.6641,3.0183,-0.9440,1.2381,-0.5562,3.1708,1.3142,3.4116,1.0072,0.5631,1.6042,0.0000,0.0000,0.8635,-1.5511,0.0000,0.0000,0.8431,3.3552,-2.1939,2.7477,3.3048,2.9284,0.0000,0.0000,0.0000,-2.3923,0.0000,0.0000,27.0763,0.0000,4.8087,0.0000,0.0000,1.0668,-18.7987,-4.6999,15.9281,0.0000,-1.1382,0.6207,0.0000,-0.8106,0.0000,0.0000,2.2982,-3.1577,0.9447,1.0063,0.4105,0.8174,0.7376,-0.1263,0.7960,0.9343,-0.9583,-1.1601,3.2134,0.6109,0.3787,-0.2784,0.4111,1.0283,-0.7550,2.9406,0.1907,1.1090,1.4831,1.1782,0.9930,1.9658,2.4210,1.1201,1.3589,1.2919,0.6480,0.4787,1.8523,0.2158,1.6727,0.7307,0.0000,-1.3551,1.3924,2.5944,0.0000,1.2069,0.0000,1.0499,1.1942,0.5314,0.5673,0.6134,2.3296,1.2921,1.3346,1.3442,0.1379,0.6573,0.8664,1.9442,1.1551,1.1917,1.2788,0.6002,0.8697,0.6998,0.1519,3.2774,3.3834,-0.2099,0.7629,1.0639,0.0000,0.0000,0.7091,0.8652,0.4089,0.2965,3.5139,1.6120,1.0201,6.1155,3.1603,0.9682,1.0691,2.4570,1.3187,1.0330,0.5106,2.3227,4.1714,0.7821,1.9197,1.3743,0.1617,-0.4951,0.2492,1.0252,0.7212,-0.6469,0.7221,1.2336,1.7421,5.2805,-0.6683,0.9554,0.2156,-0.0710,1.2828,-3.0294,1.4190,-0.3703,2.2480,4.8688,1.6068,0.9513,1.4897,0.3712,1.8180,1.0100,1.2409,3.4606,2.3714,0.5120,2.0194,2.7245,0.7180,0.4427,1.2558,1.6153,2.0543,-1.5098,1.5623,2.9453,0.2335,0.4552,1.5673,0.6938,0.0000,4.1255,-0.3007,5.4507,2.5346,3.6906,0.4215,1.6225,2.7317,3.3199,0.3147,2.9444,-0.2160,3.2274,0.4889,1.3023,4.2823,0.0896,2.7140,0.0000,0.0000,0.8320,1.4608,1.8693,1.0367,-2.0763,0.9822,0.5594,0.1870,0.0000,1.6104,0.6846,2.1649,4.3031,3.1629,0.0000,0.0000,0.0000,0.0000,0.0000,0.0000,4.9852,0.0000,-0.3140,3.2461,2.8725,0.4235,0.5761,0.6051,1.4990,2.2587,1.4946,0.4635,0.6475,2.5639,1.2021,1.0947,1.0372,0.4230,8.5705,0.6333,1.0176,0.7124,0.3303,0.0303,0.5416,2.7205,0.4068,1.6282,2.8736,1.2147,1.6906,2.2920,4.6911,0.6333,5.5302,0.3788,-0.7906,0.8344,3.5387,1.1761,7.9588,3.8437,0.4640,2.3574,-0.3285,1.0195,2.5965,4.7140,0.4055,4.7298,1.5957,3.3183,1.8609,3.4408,3.2949,3.0618,8.3111,0.0000,0.0000,2.0231
2020/6/30,1.6218,2.5588,1.7585,2.7401,2.4967,1.2121,3.9896,1.9883,5.5515,0.0864,3.5899,0.0000,1.8070,0.0000,1.3342,1.3423,2.0820,1.6153,11.0358,1.4616,0.0000,1.6502,0.3216,7.1180,0.5361,9.7309,1.0210,1.9174,4.6313,7.2683,2.5757,-4.9288,1.1187,2.4709,4.2494,1.6650,9.1658,5.1767,2.2912,0.1641,1.1453,4.6210,0.5079,2.2842,1.3091,5.0744,0.0000,1.9045,3.7156,1.5771,3.7167,7.0465,2.7006,1.4629,4.3496,2.5428,-0.9355,3.4134,0.0034,-0.3003,0.0636,0.5688,0.8117,9.6295,1.9804,2.7068,2.1737,0.3616,1.9858,2.3853,8.3733,3.5198,0.4469,4.1289,7.0017,2.3837,5.7661,4.5050,-7.9760,3.3967,2.8713,7.3176,8.2624,9.1529,2.8984,2.0782,3.4416,9.0390,0.1949,2.5881,2.7597,2.2294,4.0623,2.6394,3.8480,-0.7430,3.1525,1.1643,-3.5262,0.0455,3.1533,3.4702,2.6816,3.2058,1.7522,3.0165,8.1870,1.8310,1.0949,1.1997,-0.2179,3.5098,0.1634,5.4083,3.0414,11.6194,1.4267,4.6639,1.2332,5.7563,5.0857,0.0000,0.0000,0.0000,0.0000,0.0000,3.8417,0.4989,1.1827,2.8188,1.6813,3.8532,4.8128,8.1367,3.3110,4.9747,0.7517,2.8315,4.3757,0.0000,2.7505,1.0320,0.0000,-0.8632,0.0000,0.0000,3.8828,0.0000,3.8912,0.0000,2.4223,0.5342,0.0000,0.0000,2.7930,2.6231,2.9760,5.0773,0.0000,0.0000,7.6460,0.0000,2.7578,1.2836,0.8930,4.6168,0.0000,3.0466,0.0000,5.3510,0.2807,2.3570,2.2259,1.4028,1.9617,2.5358,2.9416,1.1632,4.0700,0.8175,0.0000,2.4738,1.6830,0.0000,0.5935,-0.4618,2.3726,0.4431,5.3070,6.1216,6.9701,6.7977,1.4629,6.0877,9.0432,9.5118,10.2187,9.2413,4.8581,4.0554,18.7163,3.6969,6.9424,0.0000,7.9081,7.1564,4.9463,11.8618,5.3947,7.0670,6.9485,8.4999,2.0077,2.7228,6.9391,7.1250,4.4202,5.2832,10.9016,10.6646,13.8202,5.2842,-1.9131,3.5623,2.5874,6.1589,2.8143,11.9836,5.5675,2.0167,4.5146,0.0000,0.0000,0.0000,-2.2759,67.2637,0.0000,2.1641,11.4155,-6.5267,7.0606,8.2540,7.7088,0.0000,0.0000,0.0000,-4.4706,11.8035,0.0000,92.0157,0.0000,16.7376,2.7948,12.2191,2.6959,-24.5401,-4.2434,33.7456,-1.9453,-2.3616,4.4090,5.1148,2.9131,2.6564,0.3498,5.5612,-1.1256,2.3583,3.2649,1.8292,4.0828,1.3852,0.7574,1.8544,2.4276,-0.6517,-1.4077,4.9461,1.5842,3.0417,4.8055,0.8287,0.2249,-0.6802,8.3368,1.6873,3.0561,3.4512,1.6775,2.1045,3.5395,5.6326,3.1325,3.3202,3.9816,1.3507,1.8978,3.6789,0.6448,3.9552,1.4638,0.0000,2.0614,3.3671,7.1684,0.0000,2.8636,0.0000,1.7989,1.8116,1.4347,1.7667,7.0047,3.1713,2.6595,3.5051,1.1870,0.5191,1.2013,2.9198,4.9006,2.2582,2.7775,2.5956,1.2741,1.8086,2.5754,0.7294,7.1289,4.0343,3.9314,1.9382,0.9301,3.2801,0.0000,1.9809,2.2150,3.9479,2.7480,7.6228,4.2300,6.0916,21.5640,6.8596,3.8372,2.6818,4.2457,4.2863,3.0457,0.2733,4.8001,6.5606,2.3300,4.6806,3.0061,-0.2118,1.8063,1.4719,1.8502,2.4852,-0.2754,1.8589,2.0641,4.0225,14.8585,-2.7897,1.8706,0.8796,2.3500,6.5192,-3.1159,3.2174,2.5906,2.9628,9.5032,4.2974,1.7854,4.8892,0.3884,8.7571,3.4863,2.7501,6.7351,5.1885,1.2296,4.2513,5.0923,1.6548,1.4241,3.1453,4.4969,13.8065,-0.9664,6.2834,7.7058,1.7705,0.5314,4.4591,3.9016,0.0000,1.3053,-0.4090,13.3036,6.4208,8.4748,3.7490,5.7026,4.6128,7.1704,0.5252,9.9655,5.2465,8.9877,2.9998,3.1752,8.6331,0.4527,4.7829,0.0000,0.0000,3.4351,6.4965,6.1043,2.8458,-5.9171,1.6315,1.3384,6.1510,0.0000,3.5741,1.5751,7.1495,12.4520,8.4481,0.0000,0.0000,0.0000,0.0000,0.0000,0.0000,7.3137,2.2371,0.2411,8.9967,5.7122,4.6926,1.3456,1.9109,4.4723,4.9231,2.3876,0.7689,3.4742,6.6693,3.3268,2.2532,4.5867,0.1881,14.1959,1.4524,2.2810,6.8733,0.2711,1.0037,2.0206,6.5599,2.2372,3.9972,7.7595,3.7585,4.6023,4.6569,16.6317,4.4567,32.6379,1.8182,-1.8288,3.0559,16.0551,5.2471,19.2389,4.7411,1.7131,8.5575,1.1648,2.4616,25.4937,51.9488,1.0938,9.7984,4.5778,7.2178,4.4946,7.7908,12.2612,9.1099,14.8619,10.1319,20.1311,9.9711
2020/9/30,2.8928,3.9491,3.1153,4.1103,0.0000,1.9823,6.4196,3.1489,8.7151,0.8317,5.7565,0.0000,2.7929,0.0000,2.2793,2.8198,3.5637,3.1200,16.6598,1.7671,0.0000,2.6133,0.6431,12.2698,0.8495,11.3862,1.7321,3.7942,9.9217,9.8379,3.4658,-3.6434,1.9289,4.3735,6.6629,3.0513,13.3700,8.4406,3.7810,0.2853,1.2579,6.8462,1.2958,3.4884,3.5280,7.4946,0.0000,2.9833,5.2934,4.9829,5.3080,9.4322,4.2592,3.5550,5.8776,5.3034,0.9851,5.8991,2.5033,0.9421,0.9232,1.7188,1.2877,12.5143,3.7781,4.8094,3.6721,1.4328,3.5632,3.3504,14.8086,5.6563,1.5165,6.4357,10.7893,3.7894,9.1917,8.3572,-9.9205,5.3114,4.3859,8.8756,13.0052,11.5038,4.9803,3.2513,4.1638,12.0694,0.8247,3.2990,4.5721,2.9861,5.4001,4.0518,3.7543,0.4991,4.7590,1.8165,-3.0703,0.2321,5.4519,8.0516,3.5635,4.9898,3.3561,4.7971,14.8389,3.1537,2.1567,1.6273,0.4274,5.4214,1.5334,6.8749,4.4943,16.5247,2.0733,5.9240,1.9561,9.5263,5.6385,0.0000,0.0000,0.0000,0.0000,0.0000,4.2800,1.0010,1.3066,5.0208,3.6104,6.1287,8.3201,10.3649,5.3480,7.1592,1.7554,3.7446,8.2803,0.0000,4.3383,1.5002,0.0000,0.0101,0.0000,0.0000,6.1600,0.0000,7.9322,0.0000,4.2829,1.0571,0.0000,0.0000,4.3111,4.8774,5.1717,7.6697,0.0000,0.0000,12.0905,0.0000,4.8340,1.6954,1.8827,11.1434,0.0000,4.6619,0.0000,6.4777,0.4501,3.9240,3.4874,2.4214,3.3924,4.1312,3.6602,1.1903,7.3168,1.5531,0.0000,3.9269,3.0104,0.0000,2.4643,3.3967,4.6107,-0.7920,8.3150,10.3619,13.5474,11.4442,2.0341,7.9896,12.6654,14.4749,15.1507,13.6158,8.5045,4.9552,25.1233,7.1129,12.9270,0.0000,14.2862,12.3228,8.6500,16.6934,9.6404,12.9882,8.4655,12.9893,3.1872,6.7203,10.4297,11.5067,7.1302,8.4751,17.0577,17.4548,23.9023,7.6494,-0.8551,8.2483,3.9531,9.0459,4.6540,17.4822,8.9247,3.2527,8.3420,0.0000,0.0000,0.0000,-0.4274,0.0000,0.0000,5.0852,21.1102,-4.4670,13.2965,12.2617,15.3330,-118.3607,0.0000,0.0000,-5.4574,21.1510,0.0000,82.3256,0.0000,10.6533,0.0000,13.9288,4.2793,-38.7937,-2.9309,11.0637,-2.7345,-3.1354,7.4041,0.0000,4.9756,4.3193,0.0000,9.8007,4.6309,4.6886,6.2059,3.3030,5.8087,1.9026,2.0069,2.8850,3.8974,0.3276,-0.6198,5.2038,2.3741,4.4062,9.0843,1.6047,0.6592,0.0254,11.0308,3.1284,4.0921,4.3724,3.5407,2.8245,4.5122,9.3211,4.8873,4.9682,5.8871,2.3958,3.1637,5.3599,1.1318,6.3336,2.6145,0.0000,3.6220,4.7003,10.7275,0.0000,4.6286,0.0000,3.9749,3.5629,2.3828,3.2772,6.2349,4.2677,4.2686,6.6265,2.8688,1.0944,2.6665,4.4346,7.7166,3.7649,4.0939,3.7834,2.3111,3.3835,4.3682,2.0700,11.2162,4.8141,5.4163,4.0322,-0.8444,7.7631,0.0000,3.1134,3.7101,6.6337,3.7641,9.6420,6.7124,10.8609,39.6237,11.3854,7.0086,4.0664,6.2503,6.8864,5.1217,0.3428,7.9453,10.1348,27.6498,7.7916,4.5077,0.3517,3.6927,2.8142,2.7914,4.0340,0.1613,2.7454,2.9130,5.9335,20.1565,1.9028,1.9608,2.1086,4.4554,10.7921,-2.7189,5.5557,4.6890,4.0952,13.0251,5.3481,2.8076,8.1957,0.9775,17.4194,4.9780,4.8044,10.8834,6.3927,1.6254,6.7401,7.9585,3.4219,2.3521,5.8108,7.1991,17.9384,0.3954,10.6467,12.5025,2.7349,-0.0630,8.5051,5.7868,0.0000,6.9378,-0.3516,19.6362,11.0344,12.0853,7.0398,8.5674,8.8884,12.4499,1.6385,18.1427,10.2805,13.8717,6.8859,5.0562,12.0992,0.6000,8.6044,0.0000,0.0000,5.3847,14.1531,13.0513,3.6215,-7.6437,4.4516,1.9860,11.7221,0.0000,7.0069,3.1546,15.0391,21.0959,14.5016,0.0000,0.0000,0.0000,0.0000,0.0000,0.0000,10.5106,4.3320,1.2888,14.7079,10.4361,9.3923,1.7835,2.1346,7.9011,7.9525,4.4801,1.3200,6.4365,10.4426,6.0051,4.2711,9.8275,1.2194,20.9672,2.4595,2.8912,12.2460,0.8034,3.9267,3.2459,10.8126,3.3254,6.1722,16.4181,6.9152,8.4704,6.7204,21.1292,8.4715,37.0322,3.5125,-3.5774,5.2094,19.1845,7.8401,26.7366,14.6676,2.6073,18.3514,1.7848,5.0313,39.8783,92.0829,1.7095,14.2535,7.5510,10.7348,7.4186,12.0026,19.1480,18.2690,14.1391,14.2399,44.2114,14.9294
2020/12/31,4.0320,4.0619,3.8458,4.8518,4.3929,2.9926,6.7808,5.3909,9.8774,0.6770,8.5428,0.0000,3.9336,0.0000,3.7338,4.4008,6.7492,4.4177,18.5542,3.9412,0.0000,7.6535,0.8167,15.4906,0.3383,15.2418,2.1051,15.2811,12.5739,8.6136,4.4761,-2.9928,2.7110,10.6093,8.9542,3.4673,16.1565,9.3557,5.1796,1.7768,2.3406,9.1773,1.3055,4.3985,5.3012,9.9486,0.0000,4.0411,7.5989,6.2762,7.5906,10.3830,4.8700,7.8222,8.2069,7.0885,4.8397,5.2542,2.5928,0.9516,4.0520,4.4250,1.1808,14.1942,4.3034,6.7823,2.1128,1.0739,4.6347,4.6671,21.8812,7.8031,2.2553,8.4703,11.2235,4.8252,11.7956,8.5129,2.3989,6.7605,6.1004,9.7624,18.3251,14.9618,6.5651,4.8820,6.4551,11.3737,1.7801,4.1073,5.8910,5.6818,7.9967,5.7882,6.3850,2.7238,6.2670,2.2876,-0.7585,0.4238,5.0723,8.3510,4.5373,9.8112,4.1246,7.0753,19.3621,4.4073,3.4842,2.5258,1.0063,6.3823,2.5974,7.7306,4.0420,19.9684,1.9408,7.1918,2.7329,12.6188,9.1514,0.0000,0.0000,0.0000,0.0000,0.0000,6.1452,0.4219,1.6673,6.9097,3.1848,7.9890,14.1476,4.8926,6.8603,9.7303,2.4682,4.5311,10.0490,0.0000,6.4464,2.2880,0.0000,1.4490,0.0000,0.0000,7.6988,46.3423,9.1844,0.0000,5.3068,0.9792,0.0000,0.0000,5.0615,7.5810,7.6809,9.3997,0.0000,0.0000,14.4813,0.0000,6.0209,1.7433,2.0126,15.9915,0.0000,6.2429,0.0000,6.8467,-2.2252,4.7241,4.0718,3.0728,4.3205,4.9899,5.4105,1.5432,9.0695,1.7396,0.0000,4.9544,3.7224,0.0000,7.9966,10.2404,8.6743,0.6454,20.3839,12.8612,17.8250,12.9360,3.6837,9.9593,13.4107,20.4160,12.8367,14.2061,5.3661,4.7724,31.6267,10.1286,16.8493,7.3524,17.0078,17.1244,11.8691,18.9168,11.7159,13.9046,10.6549,15.1688,9.1163,8.2973,15.0893,9.6257,9.3648,11.2928,21.2997,22.6284,33.0948,9.4573,-0.4385,13.6522,8.2210,10.7023,5.8218,21.8422,10.3523,4.5983,9.8178,19.0543,-1.6042,14.3815,2.4855,99.1367,-0.8668,6.8792,31.0739,-10.0491,16.8264,16.6376,18.7514,-133.3927,-31.0013,6.5690,-7.6266,24.1812,41.4837,100.1810,5.8664,13.7730,6.3775,16.7402,8.6602,-56.6147,-0.3781,12.1885,-3.5910,-3.4093,13.3552,14.0855,6.9609,6.3569,2.6095,14.9236,3.1972,6.0488,7.3472,5.6758,6.1191,2.3284,5.3801,3.4374,6.1938,5.3837,0.1158,6.2762,3.9421,5.8050,12.7527,1.1988,-0.6852,1.3202,12.1304,2.8790,4.8620,8.2590,2.7268,3.9254,5.8881,11.5803,5.6342,5.9748,6.6415,2.8948,4.0757,5.3592,2.1798,6.9762,2.7972,0.0000,2.0613,5.2342,13.5872,0.0000,6.0245,0.0000,5.5174,4.9481,3.5763,5.2008,10.7330,5.1103,4.8591,7.0159,4.2668,1.8544,3.6803,4.7059,9.9883,3.8172,4.6143,4.5770,3.5067,4.4902,6.2744,3.0020,14.5385,5.1127,5.6340,4.2588,3.2202,12.5234,0.0000,5.1812,4.8467,5.8062,6.8069,9.9152,9.2248,11.0903,56.9343,17.9803,10.6267,3.7378,8.4543,8.6467,6.6630,2.0646,9.6351,10.9137,38.8548,10.4370,5.9584,-1.2478,4.1805,3.2812,3.6790,5.6143,3.2366,-8.5228,4.1318,7.1478,22.2716,1.7166,3.7369,1.0940,2.7314,15.0523,2.2685,7.0522,5.7255,0.5298,14.6952,2.5952,3.6696,11.3434,3.6826,25.5745,6.9073,6.2424,14.0715,8.9932,1.8141,7.7916,8.9459,4.6622,2.5642,8.1467,9.0635,10.7793,11.7531,12.7049,16.0357,4.6583,0.5868,13.2263,7.7573,0.0000,2.7851,-15.0330,23.9967,15.5351,16.0402,7.9321,10.9848,11.7504,15.6267,6.0524,20.6473,15.9834,17.2211,9.3754,6.2736,10.7202,1.0732,14.1817,0.0000,0.0000,6.7548,17.7700,13.1204,5.2874,-26.6845,3.7962,2.5637,16.8107,0.0000,10.0612,4.4288,20.6338,28.5504,18.4727,0.0000,0.0000,0.0000,0.0000,0.0000,0.0000,19.3429,6.2802,2.4229,14.2538,12.0086,13.2317,1.3680,-4.1144,7.5618,9.7861,4.9858,3.1554,8.1919,10.8306,6.9430,2.2105,11.8599,-17.4128,19.7467,-9.7768,7.3796,13.0008,3.1198,9.8683,3.9195,13.3540,-5.6768,8.6196,19.7444,8.6540,11.8855,8.8571,18.1735,11.3738,43.2330,1.6279,-15.2687,6.8441,20.2344,9.4398,35.1859,14.9683,2.9858,24.1331,5.1857,9.7645,29.3874,104.5663,11.2175,17.0363,7.7585,15.0147,10.4095,16.3049,25.6294,23.3206,19.7047,19.6358,51.1006,20.8681
2021/3/31,0.8340,1.4008,2.0157,1.3541,0.6325,0.7359,1.1963,1.1486,2.7384,-0.7546,1.9931,0.0000,2.0272,0.0000,0.6482,1.4391,0.4382,1.9489,3.1753,0.3028,0.0000,0.7312,0.0918,3.3294,0.7491,6.6321,0.3484,3.7518,0.8787,3.0232,0.7906,-0.4268,1.3838,2.5393,2.4854,1.2499,4.8582,2.1885,1.8085,0.4896,0.3166,2.8185,0.1617,1.5213,1.3798,2.4424,0.0000,0.8391,1.3858,2.5889,1.7685,2.9767,1.5594,3.1380,3.7666,2.0400,3.2433,1.5960,0.7576,0.4363,0.1649,1.0241,0.2832,4.5077,0.9265,1.6702,1.7573,0.2291,2.2938,1.8858,4.6514,1.6337,0.7234,1.0941,2.7763,1.2143,3.2588,2.4232,-2.1387,2.4694,2.4122,1.9484,5.1363,4.4675,1.2304,1.2048,0.6797,3.6791,1.6660,0.6463,1.7767,0.9395,1.5772,0.9082,0.5068,0.7851,1.6797,0.5218,3.3619,-0.1842,1.8296,2.1825,0.9563,0.7771,0.9802,2.2223,2.4352,2.5150,0.7445,1.0976,0.3086,1.6636,1.4623,4.1146,0.6248,6.6984,0.5954,2.8145,0.6787,3.7474,2.4555,0.0000,0.0000,0.0000,0.0000,0.0000,2.7819,0.2428,0.4378,1.1330,1.1860,2.5222,3.7633,3.7435,1.6348,2.6464,2.8313,1.5320,2.3373,0.0000,1.1126,0.5125,0.0000,0.0775,0.0000,0.0000,1.6521,10.0608,2.4989,0.0000,2.1177,0.3086,0.0000,0.0000,1.3029,1.1900,4.1731,2.7275,0.0000,0.0000,3.3637,0.0000,1.6479,0.5414,0.6439,6.8921,0.0000,2.0956,0.0000,2.5931,0.1598,0.3859,1.1782,0.8606,0.6886,1.9991,2.3790,0.6095,1.6596,3.3984,0.0000,1.0719,0.4655,0.0000,-0.4966,8.5420,0.5267,2.1991,0.7440,6.4183,1.5988,2.7368,2.3997,2.4159,3.5264,7.9611,1.8653,3.1584,2.7649,1.2466,9.1814,2.1543,5.1764,1.4119,4.0305,5.7763,3.4674,5.8267,3.5323,2.4049,2.1246,3.9650,0.2045,0.2047,3.3599,4.0248,2.4181,2.2374,3.4749,5.2360,9.0169,2.8416,-1.0502,3.7125,-0.0026,2.7481,1.6882,2.8230,1.6255,0.6973,2.6463,0.0000,-0.8197,1.9291,2.1554,21.2808,1.2704,3.2057,4.4778,-0.6232,5.1942,1.1811,3.3215,-8.1890,0.0000,0.0000,-3.0287,2.6193,0.0000,12.5316,0.0000,2.4764,3.4642,3.2604,2.3351,-11.6425,-2.1767,1.2366,-0.8792,-1.4008,3.7991,0.0000,0.5210,2.3927,2.6237,2.2899,0.4988,1.6936,4.1134,2.3908,0.9521,0.6161,1.7610,0.8654,1.4598,-0.1866,0.5343,2.9319,0.4040,0.6985,0.3024,0.6711,0.6382,0.7263,3.2444,0.8757,1.1667,1.7770,0.7809,1.1819,1.4272,3.3572,1.4333,1.2348,1.4487,1.9212,1.6651,2.3291,2.4725,2.2137,0.8860,0.0000,-0.6566,1.9253,3.3202,0.0000,1.5479,0.0000,2.5038,2.6536,3.1378,4.4319,3.7599,2.9375,1.5783,1.8634,1.9023,0.6049,2.5220,2.4951,2.7798,2.4862,1.2694,1.2478,1.5026,1.4769,0.5427,1.0535,3.3059,0.7342,1.0512,0.8565,0.8358,5.8067,0.0000,1.2029,1.2296,1.6517,0.8508,1.2801,2.3096,3.1170,17.7792,5.1515,2.7534,0.7580,4.0764,2.2558,1.3850,1.8605,2.9429,4.8832,-3.5409,3.0708,1.5347,0.0504,1.2372,0.9818,1.1366,2.2747,0.5225,1.2354,1.7375,2.1250,5.1458,2.6454,0.4894,1.0140,1.3786,3.8370,-1.7270,1.4785,1.6288,2.7655,0.7467,1.5924,1.5886,1.7291,0.3392,2.1336,0.6978,1.0217,2.4555,1.3533,1.5936,4.0379,2.1926,0.9227,0.4104,2.1692,2.7879,1.2526,-1.2243,2.4015,2.4208,0.3401,-0.3341,1.8366,1.5896,0.0000,1.6492,-0.2870,5.6167,3.2018,4.3989,2.3889,4.4539,2.4342,3.3896,3.0390,3.9599,1.3357,3.9952,1.5643,1.2955,3.3328,0.0580,9.2834,0.0000,0.0000,1.1479,4.2881,1.8419,2.1838,2.6885,1.8031,0.6543,0.8763,0.0000,1.3318,1.8310,4.5119,5.5790,3.8228,0.0000,0.0000,0.0000,0.0000,0.0000,0.0000,5.1365,1.1532,0.3155,5.0017,4.0785,2.1256,0.0532,-0.0876,2.3422,2.4662,2.0387,0.2881,2.8407,2.8084,1.3183,0.6722,1.3382,1.6348,10.8340,1.2762,1.0074,4.1258,1.9967,-0.1463,0.8141,3.4854,1.1266,1.2243,4.6016,1.9553,3.7378,2.0228,7.7363,3.3119,2.4384,0.9825,0.4817,1.6367,4.1059,3.7273,9.8272,3.2058,1.6088,7.1447,2.1205,1.8878,4.9850,29.1423,0.6765,4.9331,2.6711,3.5647,3.3981,2.8002,3.7246,2.7552,5.7670,3.6655,4.2495,4.0279
2021/6/30,2.4763,2.4747,6.0297,2.9850,2.2361,1.6920,3.1182,2.1466,5.4922,0.1470,4.1425,0.0000,5.1300,0.0000,1.4059,4.2740,2.1311,5.6235,6.2185,1.0595,0.0000,1.6562,0.9063,5.8785,1.1355,5.9052,0.9528,10.5105,2.8443,5.8454,2.4593,1.6955,2.8115,4.8360,5.9493,2.5775,8.8192,5.2153,3.0119,0.5671,0.9884,6.0127,0.6173,3.6024,2.9620,5.2493,0.0000,2.1397,5.0668,5.8006,4.3938,5.8977,2.9240,5.4497,7.2905,4.9623,6.5373,3.7600,1.3550,1.2319,2.3793,3.0294,0.8257,8.3478,2.2046,3.3992,3.0051,0.6113,4.6707,16.4118,11.2234,4.0399,2.8370,2.7198,5.1540,2.2907,6.0936,7.4703,-3.8536,5.8021,4.9594,4.9808,11.2174,8.7747,3.0932,3.1089,1.4801,8.2527,5.5987,2.0978,3.0666,1.9070,3.5685,2.5538,0.6693,1.1885,3.5949,0.9937,8.5105,0.4440,3.7545,4.8107,3.7174,3.1288,2.7058,5.4696,7.8156,7.6322,1.5890,1.8666,0.5275,4.0700,2.3564,6.4833,1.8028,13.3453,1.2418,6.6650,1.4716,7.7624,7.0811,0.0000,0.0000,0.0000,0.0000,0.0000,4.6905,0.4144,0.9945,2.9665,2.2969,5.1849,7.1741,4.9862,4.1410,5.0614,6.8135,2.8300,3.7212,0.0000,3.2933,0.8949,0.0000,-0.2532,0.0000,0.0000,4.5144,19.1050,5.0997,0.0000,5.7765,0.8583,0.0000,0.0000,2.6426,2.2271,9.2830,5.3353,0.0000,0.0000,8.1368,0.0000,4.0934,1.2829,0.9714,16.1197,0.0000,3.6851,0.0000,5.2323,0.2074,2.0595,2.8183,2.7774,3.1489,3.7546,4.8185,2.2024,2.7787,8.7480,0.0000,2.2349,1.9971,0.0000,0.6542,20.9572,0.4031,7.4051,3.4383,9.7915,4.7016,4.6625,6.0923,3.9964,6.4668,15.6695,1.5813,9.1108,4.8927,3.1931,21.7962,5.9494,10.6478,2.6865,7.9971,9.7432,5.9318,9.7079,5.9578,5.5381,5.7634,8.3109,2.1108,1.6441,5.8497,7.5713,4.5816,5.2348,8.4701,10.9554,16.6985,5.1495,1.4136,9.7263,2.9009,5.5495,4.2594,7.6896,3.6934,2.0071,5.3604,20.2746,-1.5621,4.6387,6.4002,23.9623,-0.8380,6.8283,8.7678,9.4789,12.9255,6.9071,6.9012,-17.2234,2.1905,1.6180,-5.9216,4.7919,17.8020,22.1172,4.8849,7.4007,7.5281,6.1870,5.6695,-28.4133,-1.2783,5.5524,-1.3980,-2.0044,8.7455,6.6334,2.6365,5.1974,6.7704,3.7020,4.8078,4.8121,9.3629,2.1905,2.6456,1.1835,4.8975,2.0459,3.6313,0.4845,0.9644,4.9061,1.5079,3.3737,4.8978,1.0249,0.9984,1.5827,6.4446,2.9714,3.6875,2.9899,1.5543,2.3139,3.6344,6.5943,3.5740,2.9412,3.5278,5.5038,4.2638,6.1136,8.3704,3.8839,2.0123,0.0000,2.1126,4.0830,8.1977,0.0000,4.2938,0.0000,4.4954,7.5137,7.8858,11.3840,6.5822,3.9084,3.0745,4.0791,4.1517,13.7914,7.7816,5.1052,7.2264,5.6938,3.1522,3.2994,4.0926,4.1119,1.5973,2.4991,7.4642,1.5370,2.9973,2.9166,0.4259,13.4942,0.0000,3.3311,2.6382,4.4059,2.4570,2.1051,4.6847,6.2414,25.4793,9.1486,5.1677,2.6251,7.7897,6.9296,3.0199,4.4147,8.2168,8.8297,6.1174,6.5569,2.9480,0.0631,3.2248,2.2934,2.1793,4.5417,2.3813,2.4242,3.1296,3.8986,10.4860,6.9195,1.7302,2.0983,2.4377,8.1745,-1.2597,2.5957,3.1297,3.4674,2.2711,2.7238,2.9944,4.6741,0.5367,8.5387,2.7187,2.3708,3.1781,2.5901,4.3376,8.5716,5.2373,2.3291,1.2751,4.5783,6.4819,1.3399,-2.3249,5.7195,5.0744,2.0728,-0.7956,4.8172,5.8931,0.0000,1.7938,-1.2889,6.9284,7.0011,6.6031,4.9567,7.0613,5.8229,6.1194,4.6960,11.6919,4.9476,9.1122,1.1707,3.3480,2.0343,0.4530,9.8808,0.0000,0.0000,3.1105,11.0746,3.1201,4.6252,2.8654,3.1220,1.1541,5.8900,0.0000,2.7319,4.3267,11.6454,13.3215,8.5643,0.0000,0.0000,0.0000,0.0000,0.0000,0.0000,12.0765,2.5041,0.2927,11.3896,8.2147,6.2027,0.5626,-1.6906,5.2901,6.4409,3.3458,0.7069,8.1614,5.5234,2.2806,0.4397,1.9609,4.5295,15.9720,3.6821,2.0522,8.5832,5.1396,1.6565,1.9794,7.5655,2.8374,2.8977,9.6500,4.7528,8.0374,3.8682,14.7181,7.8867,8.2093,2.1911,0.9588,4.2195,14.2562,6.1909,18.5221,4.6919,2.8951,13.0282,5.3884,7.1927,10.5244,42.9743,1.2405,10.2692,4.5402,7.1369,6.6409,6.7286,9.0791,6.4934,11.1864,6.2638,6.7617,12.3641
2021/9/30,3.6176,3.0262,8.4837,2.1547,3.5582,2.6186,4.2951,3.5280,8.2992,0.3820,6.4742,0.0000,8.8399,0.0000,2.0624,6.5355,3.6909,11.3575,6.8484,1.2496,0.0000,2.4344,1.8947,9.1691,0.7249,6.2399,1.8504,12.9785,6.1472,8.6607,2.8872,2.6759,4.3282,7.0950,8.6982,3.4400,10.5873,8.0657,4.3767,0.6260,1.1968,8.5071,1.0778,6.6122,4.5222,6.2626,0.0000,3.0406,7.0808,8.3815,6.7239,8.1965,3.9599,8.4702,8.8913,7.7737,8.6639,5.3749,1.8446,0.5223,2.6038,5.1253,1.0259,10.5517,4.1161,4.8933,5.3420,1.5737,7.9144,17.0376,15.8823,6.8262,5.0841,3.9552,6.4849,3.3789,9.3194,10.5560,-4.5317,11.7377,7.1561,5.5634,16.4448,12.8742,5.0749,4.0880,2.3174,7.9415,8.2741,2.5632,4.6813,2.6572,4.6526,3.8487,2.2328,0.6059,5.3806,1.7502,10.2247,0.5585,6.1008,6.9180,4.6398,5.1415,5.3944,7.5338,11.0528,10.6185,2.5967,2.0841,1.1306,5.7093,4.3872,9.2950,1.5520,20.6223,1.6969,8.9369,1.9874,11.6761,3.9579,0.0000,0.0000,0.0000,0.0000,0.0000,5.1172,0.7891,1.3114,5.3365,5.5408,7.4068,7.9001,6.1556,4.8267,8.7264,7.8150,3.8550,5.5598,0.0000,4.3222,1.3457,0.0000,0.6603,0.0000,0.0000,6.0415,28.9147,9.0626,0.0000,9.3198,1.2177,0.0000,0.0000,3.8938,4.3554,12.6572,7.7282,0.0000,0.0000,10.5345,0.0000,5.7962,1.8305,1.7367,25.5038,0.0000,6.0040,0.0000,6.7353,0.1206,3.7212,3.8034,4.5556,4.0858,5.6394,5.9083,4.0482,3.1903,14.2768,0.0000,1.9159,2.8443,0.0000,2.2707,26.2654,1.0266,15.6755,5.6417,14.0240,5.1223,5.5947,8.5561,6.6560,8.3772,21.6677,1.6418,13.1052,7.2632,5.7439,28.9040,9.7921,19.4563,4.2823,12.4195,15.6155,8.2098,11.3594,6.7866,9.5060,8.7199,12.1816,3.0707,0.9847,7.4379,11.6918,6.8260,7.4461,12.6432,17.0669,24.9847,6.7228,0.6329,14.0235,4.5233,7.8122,7.6160,8.6200,6.2199,2.8083,9.4109,31.8609,2.0293,7.5021,12.7500,32.1095,-0.3119,10.5933,13.1537,13.9423,18.6985,13.9728,9.6824,-21.5450,2.4430,1.9148,-9.5152,7.8246,25.2445,32.9133,0.0000,11.3543,12.6014,9.0039,8.6406,-42.9407,-0.4271,10.6541,-1.9887,-3.4925,14.6297,9.0995,4.0420,7.1148,8.6621,5.4912,7.9959,6.5645,10.6868,3.3620,3.7774,1.8816,9.3232,2.4981,5.3602,1.6032,0.5789,5.4332,2.2777,4.7973,7.1473,1.6362,2.3907,3.0547,8.7230,5.2406,2.5312,3.9494,2.8086,3.4374,4.8481,8.5036,5.2409,5.1286,6.4513,8.2006,7.8385,10.1985,13.3717,5.6819,3.4310,0.0000,3.8681,5.2025,10.8650,0.0000,5.8096,0.0000,6.7630,12.3522,11.2439,16.3646,6.4458,4.8101,5.3603,6.2804,5.8913,16.2191,11.1835,7.1786,9.8467,8.6855,5.7722,4.0586,6.5399,6.8499,2.3754,4.6354,10.7972,2.4329,7.0701,4.9402,-1.2089,22.7402,0.0000,5.1295,4.0030,7.4267,4.1619,2.8138,6.3554,9.2386,37.4608,12.7573,8.4893,4.0016,9.6729,9.9878,3.8369,5.7441,10.0017,13.8804,-0.4846,9.3825,4.7423,0.2880,4.8325,4.1622,3.5369,6.8865,5.0387,3.5443,4.9554,5.4279,13.7273,10.9842,2.0042,3.0341,3.7682,11.3988,-0.3587,4.5345,4.8258,5.6463,3.2197,7.4106,4.4263,6.8765,1.2560,15.4880,3.0477,4.3482,1.1337,4.0980,8.7131,11.9312,7.1001,4.0123,1.8556,6.8889,9.8226,1.2210,-1.0761,9.2133,8.2422,2.8257,-1.0999,9.2523,10.9005,0.0000,2.8777,-2.1303,8.8387,11.1175,7.3551,7.6437,9.0878,9.4243,10.4582,6.5215,16.9832,9.5786,13.5660,4.3530,2.9879,5.5173,0.3867,9.0495,0.0000,0.0000,5.1110,17.2813,6.1665,7.5468,3.2950,4.9511,1.6349,10.4436,0.0000,5.3948,7.1537,18.3855,19.0101,13.5924,0.0000,0.0000,0.0000,0.0000,0.0000,0.0000,17.0588,4.3908,0.9634,12.9587,13.9147,11.2036,0.8480,-2.4405,7.4300,11.8081,4.0342,1.0375,11.9431,9.0318,2.3010,2.8755,4.8453,5.0673,19.0986,5.5535,2.6768,13.8918,5.6260,4.2581,2.8482,10.6976,4.8775,4.7908,17.5903,7.3370,12.6395,5.7775,23.0379,11.7349,16.1716,2.8884,1.3590,8.3026,15.8497,9.8632,25.8689,6.9265,4.8172,22.0793,6.7084,10.1247,13.6636,48.0926,2.1405,14.2061,5.9759,10.0595,9.6429,9.4903,14.0773,11.4133,16.3584,9.6474,9.3177,16.4829
2021/12/31,4.6328,1.2975,6.4510,-1.9022,4.2682,3.7789,3.5261,5.0771,8.2658,1.4537,8.1028,0.0000,11.6021,0.0000,2.6527,6.4496,6.8108,18.2081,6.1890,3.4906,0.0000,3.4022,6.4428,12.2936,-9.5518,8.5827,2.2436,16.8684,8.2507,9.3610,3.6593,2.3508,5.4674,11.8787,9.7458,3.8316,12.9986,9.9010,6.5537,1.1766,2.0900,9.5128,0.7350,11.1115,6.5101,7.4570,0.0000,3.8635,7.9889,9.6206,9.1581,9.6207,4.1679,10.3053,10.9501,8.8677,10.1593,6.0564,2.1763,0.8943,3.7402,6.5658,1.2355,12.2767,4.3657,6.4079,3.9038,1.9209,10.6470,17.6471,20.4315,9.2317,6.1762,4.8653,6.4641,4.3184,11.2223,16.7497,2.6457,27.3515,8.3634,7.1138,22.9567,16.4339,7.0836,5.5181,3.5570,7.9635,9.5331,4.9744,4.1033,4.9764,7.0854,5.4365,6.0399,-5.4898,7.1129,2.1412,8.3561,6.8269,5.0616,7.4741,5.6970,9.4643,6.8509,9.6788,15.5392,8.8882,3.8328,2.2968,1.0639,6.4825,5.8942,10.2233,2.8823,24.7722,1.8844,14.9926,2.6758,13.6113,3.5846,0.0000,0.0000,0.0000,0.0000,0.0000,6.7081,0.9887,1.9870,5.6665,6.2492,9.6357,10.0173,1.3811,5.2391,10.6059,6.3565,4.4435,6.6838,0.0000,6.5479,1.8987,0.0000,1.8603,0.0000,0.0000,6.7334,41.9372,9.5585,0.0000,12.2314,1.8517,0.0000,0.0000,5.0813,6.8041,14.2125,9.4206,0.0000,0.0000,12.6356,0.0000,7.1518,1.8895,2.0794,28.0298,0.0000,8.9110,0.0000,7.9543,-0.9888,4.4407,3.9510,6.8255,4.6568,6.8929,8.2209,4.6929,2.6798,13.3423,0.0000,-1.6657,3.5045,0.0000,4.3598,37.6235,2.0103,22.3601,10.5636,17.4949,7.2300,6.2728,9.6660,7.7667,8.0066,25.9830,4.2557,13.0826,6.6046,11.9356,33.8212,12.6543,19.3932,4.3164,13.9115,22.5864,10.3261,13.6384,7.6656,12.3219,13.6970,16.1123,8.6800,-4.9327,9.5870,14.2879,7.3157,7.4025,16.7651,20.6302,31.6681,8.0762,0.2247,18.9481,8.8833,9.6177,8.2710,10.4517,6.2117,3.6272,10.9409,39.1602,2.2194,6.6481,19.0743,24.6074,-2.9876,14.8781,17.3284,20.1646,20.1716,18.7431,10.1260,-25.1286,3.0483,5.3051,-12.3081,7.5313,40.2255,41.2046,10.7454,16.6250,16.6446,9.0913,11.8193,-55.3108,0.4215,14.4562,-2.7691,-6.0222,21.7101,8.3474,6.6493,8.6889,10.8675,6.9269,6.9054,7.3682,10.9119,4.4498,3.8051,2.0933,9.5253,2.9112,6.2451,3.5423,0.4757,8.6658,3.1710,5.6254,9.9909,2.3991,2.6552,4.7573,10.0901,4.1305,1.2984,4.8894,2.4857,4.5741,5.7902,9.9687,5.9066,6.0106,6.5047,15.2175,10.0123,10.7847,26.3717,6.3042,3.5147,0.0000,1.7042,5.1370,12.9001,0.0000,6.1964,0.0000,9.1141,13.3633,10.6998,20.3055,8.2176,5.4563,6.3960,5.6173,7.0979,20.1671,10.1492,7.9149,12.4269,10.9995,10.2784,4.6523,8.2678,10.7091,2.9580,7.6739,13.2308,2.7404,6.0927,7.1153,2.4508,26.1538,0.0000,6.1629,5.2363,9.8460,8.9004,2.1853,7.6756,11.1668,47.9191,18.0478,9.6226,2.5629,10.0561,12.7825,-12.9462,7.0643,12.1823,16.5389,-4.0333,11.4582,6.0155,-4.8340,5.4983,4.9358,4.3199,8.1819,9.9261,4.5998,5.6773,6.0067,15.3321,18.0627,3.8725,2.4841,4.1285,13.6779,3.4192,5.1766,6.0917,6.9632,4.0304,6.4423,5.4935,9.6056,3.3696,23.0471,3.9506,6.1851,-1.7911,1.9355,14.2114,12.8463,6.2594,5.2477,2.6130,2.5747,10.9217,31.1843,10.7098,9.4148,10.5857,4.7957,-5.3118,12.0217,14.4287,0.0000,2.9667,-14.9666,13.2705,10.5469,8.7836,8.9814,11.2808,11.1896,14.6466,9.8182,17.2430,4.2785,16.5507,4.0661,0.1681,1.5570,1.9958,10.6443,0.0000,0.0000,7.3186,19.4219,7.5862,12.7661,3.0976,6.1199,1.6504,13.4637,0.0000,7.4468,9.6007,22.9494,26.2112,15.8491,0.0000,0.0000,0.0000,0.0000,0.0000,0.0000,20.0770,6.5903,1.9861,11.9265,8.1217,14.3097,0.7983,-5.1160,8.1967,16.4389,3.7574,1.7528,11.9256,10.0354,-3.2943,1.3151,4.3608,3.6730,18.9394,5.2502,0.7472,14.2827,-2.8558,6.0214,3.8424,13.7608,5.5640,6.8069,20.9640,10.0593,16.3054,6.1649,34.1914,14.3065,10.4151,2.9925,-0.0540,8.9741,15.3948,11.7802,34.5925,6.7352,5.4695,26.2039,8.6167,13.3106,14.1951,50.7884,10.5266,16.6913,7.0956,13.1777,12.0171,12.7214,19.7879,13.7798,21.9607,14.0656,10.3146,20.5387
2022/3/31,0.8980,0.9489,1.6502,0.7285,1.3977,0.0003,1.3357,1.6291,3.0034,-0.8411,3.5885,0.0000,4.6383,0.0000,0.4844,1.4076,0.4772,7.6428,1.4898,0.2998,0.0000,0.9495,1.4954,1.6234,0.3407,5.9387,0.2002,3.1056,3.5940,2.1855,0.8321,-0.5950,1.8351,1.5546,1.5579,1.2986,3.0508,2.7241,1.9368,0.0282,0.2766,2.4043,0.3465,3.2016,1.3314,1.1922,0.0000,1.0502,1.2533,1.8719,2.0675,3.1733,0.8943,5.4437,2.8747,0.9961,1.6126,2.6035,0.7999,-0.4655,0.7239,1.9182,0.1620,7.6815,1.0849,1.7455,2.4859,0.2080,7.0694,1.6428,2.7486,1.8480,0.1576,0.6187,1.6131,1.1406,2.8443,-3.3212,-1.0855,7.8993,2.1897,1.8849,5.0124,5.3472,1.4057,1.5996,1.0799,4.1632,1.6850,0.2918,0.7125,0.7212,1.1673,1.0899,1.7319,-0.2289,1.5511,0.2839,-1.4663,0.0466,1.8050,1.7021,1.1150,0.1836,1.4554,2.1163,1.7843,1.9650,0.6738,0.8159,0.1813,1.3337,1.7116,4.5934,2.1404,14.1389,0.4887,6.3612,0.7423,3.5785,-0.5469,0.0000,0.0000,0.0000,0.0000,0.0000,2.3360,0.3164,0.6651,1.2989,1.6762,3.0532,2.7754,3.6244,0.9777,2.2106,1.5245,1.7449,1.5952,0.0000,1.1456,0.4802,0.0000,0.1543,0.0000,0.0000,1.2414,10.8911,1.6021,0.0000,2.9566,0.4432,0.0000,0.0000,1.2634,1.5893,2.3541,2.7464,0.0000,0.0000,3.3216,0.0000,1.7828,0.5689,0.6707,2.8779,0.0000,3.9383,0.0000,2.4643,0.4308,0.5032,1.0746,1.6124,1.1470,1.3567,1.5163,2.7682,-0.2873,2.8816,0.0000,0.5370,0.3115,0.0000,-0.2576,11.6269,-0.2243,6.5613,1.1996,4.4534,-0.9007,0.4541,1.1820,1.5093,3.1472,6.9055,2.6321,2.5782,2.9269,3.9964,7.6822,3.6251,1.8327,2.1563,3.3724,5.4579,2.4055,1.9813,1.5267,3.0402,4.0287,4.7067,0.1398,-0.1725,2.2073,3.7090,1.2849,2.3366,3.3199,7.7032,9.2600,2.0237,-1.2795,2.2015,0.0058,2.5258,2.1653,0.3294,1.9076,0.7755,1.5953,9.5485,-0.6900,-0.0288,5.4150,10.0362,0.7341,3.9932,3.7930,1.0920,3.6519,4.6138,1.7533,-0.7885,-1.1619,-0.0929,-4.6118,0.3385,3.0151,10.2225,2.7473,2.8714,5.4305,0.4982,2.6412,-8.4291,0.1460,2.5930,-0.4526,-1.2811,5.3840,0.3221,0.6934,2.3066,3.5391,1.8569,1.2245,1.6014,2.3876,0.3396,0.8984,0.9361,1.9374,0.3494,1.4559,-0.1122,-1.1949,2.5996,0.4320,0.8650,-0.1769,1.0413,0.2958,1.2399,2.9754,2.3263,0.5439,1.1759,0.3769,1.6572,1.3721,2.7611,1.3440,1.3437,0.0938,5.1281,1.9684,1.8056,4.0677,1.5860,0.7548,0.0000,0.1198,1.7161,1.9812,0.0000,1.6803,0.0000,1.7336,4.3917,2.0263,5.5896,5.8782,2.9229,2.4899,1.3572,1.7455,5.6836,2.0960,2.5414,2.5034,5.4683,3.5903,1.5052,1.2815,4.0502,0.7149,2.7116,2.4901,0.5754,1.5542,0.8315,0.9171,6.6057,0.0000,1.6520,1.3658,1.5254,0.7844,1.2756,2.1487,1.3714,17.3798,5.1957,2.9377,0.7166,1.9931,2.6274,1.6437,1.1813,1.7416,6.0870,-5.8109,2.3993,1.5446,-0.0170,1.4578,0.7986,0.9431,0.9792,19.2082,1.1166,1.4783,0.7669,4.4824,14.6420,0.3134,1.1140,1.2227,2.2573,-0.8697,1.1816,1.4173,2.6982,-0.0255,5.4038,1.7134,1.5048,0.2989,2.0892,-1.6526,1.3542,-0.6121,1.8746,6.9040,2.7297,2.4854,1.3780,-0.5273,1.6889,2.9368,136.8743,-1.3858,1.4402,2.2821,0.3383,0.9954,1.2885,12.9071,0.0000,-0.1369,0.6856,2.8720,2.8839,2.1377,1.3450,0.5230,3.0790,3.4461,1.3225,2.0926,1.3035,3.5488,1.2450,1.0910,5.3202,0.1325,0.7151,0.0000,0.0000,0.7326,4.2170,1.8509,13.4137,0.8673,1.0263,0.4669,-0.9174,0.0000,1.6873,2.6113,5.2253,3.4101,2.2984,0.0000,0.0000,0.0000,0.0000,0.0000,0.0000,5.5531,1.2009,0.2182,3.3678,5.3858,2.0823,0.3416,-0.4753,2.5884,5.3673,0.3855,0.3082,2.9657,1.9884,-0.6014,0.9925,1.1868,-0.3668,6.5229,3.3449,0.6867,6.8827,0.7452,0.4168,1.2292,3.0511,1.0652,1.5330,5.1458,6.0636,4.3021,1.2190,31.2612,3.0215,2.2672,1.2626,-1.0245,2.5011,18.3570,2.7788,7.9579,1.5291,2.8256,6.0385,3.0637,3.1900,2.8690,0.6016,0.4054,4.1452,2.2986,2.9086,2.4044,2.6845,5.7928,2.1703,7.2402,2.7540,2.9657,4.1547
2022/6/30,2.1188,1.6353,3.3168,1.5128,3.6983,0.1457,3.2965,2.8581,6.5085,-1.0166,6.3455,0.0000,10.4790,0.0000,1.6535,1.7765,2.0978,14.8792,2.7261,0.8488,0.0000,2.2009,5.7393,4.9552,0.5549,4.9064,0.2551,6.2968,5.4022,4.1173,1.7163,-0.9884,3.3206,3.7182,3.2995,2.0658,5.7577,5.3903,1.7144,0.0812,0.8846,5.6861,0.7982,7.8347,2.8539,3.0144,0.0000,2.4171,2.2869,3.8364,4.5801,5.5616,1.8887,10.8120,4.9623,1.9099,4.6714,4.6717,1.7493,-1.2483,2.2714,4.0721,0.4657,12.2509,2.2684,4.0256,4.4266,0.7399,15.5130,3.6954,5.4575,4.2491,1.8887,2.3791,4.9917,1.8841,5.8074,-2.0316,-2.5591,16.7215,5.0816,3.1695,10.3653,9.2588,3.1638,4.1803,2.2985,9.7773,2.6482,0.4255,1.8280,1.2841,2.1088,1.0658,3.4534,0.4087,3.0174,0.8585,-2.0810,0.6684,4.6129,3.7036,2.5385,1.5418,3.7220,2.9061,4.1733,2.2636,1.2555,0.2533,0.5731,2.5658,1.4166,7.1768,4.8096,20.4963,1.0566,13.6965,1.4710,7.1630,0.6739,0.0000,0.0000,0.0000,0.0000,0.0000,4.0885,0.5348,1.4435,3.4935,3.2602,6.4689,5.3627,4.0810,2.4964,4.9568,1.8196,4.1241,3.4023,0.0000,3.4885,0.9163,0.0000,-0.0151,0.0000,0.0000,2.9092,16.9750,4.2580,0.0000,6.6005,1.2210,0.0000,0.0000,2.6992,3.5515,3.4566,5.3476,0.0000,0.0000,7.9836,0.0000,4.0849,1.3259,1.1460,5.9020,0.0000,7.8463,0.0000,4.9323,0.7940,1.7491,2.1371,3.2289,2.7647,2.2161,4.9386,6.3311,0.2264,5.9025,0.0000,1.8068,1.6803,0.0000,2.2288,15.8899,1.0040,15.5628,3.8386,6.1554,-0.4274,0.6750,1.7030,3.5703,5.8582,12.3138,4.1986,6.7174,5.9422,7.0349,16.3324,7.5403,2.3849,4.4786,6.4650,8.9616,4.4206,3.0990,3.6664,6.4930,12.9924,8.3460,2.2295,1.1727,4.7388,7.5741,2.5516,4.3920,7.6039,14.4099,16.7263,3.8517,-4.7999,7.4302,2.2855,5.1709,4.4683,2.3985,4.1780,2.2608,4.1282,5.8302,2.3836,3.4404,11.2456,13.8409,1.6989,8.0360,6.2493,-0.4550,7.3736,9.8868,2.2930,-2.1923,-1.9462,2.3957,-10.1365,1.6990,6.0568,16.8838,4.9171,7.6036,11.7779,0.9093,6.7063,-13.5609,0.4656,6.4768,-1.1176,-0.7133,12.1248,0.0937,3.2316,5.4191,8.1225,3.1966,4.1650,3.4270,5.8417,1.9850,1.8784,1.3530,3.1408,0.9373,3.6908,-0.3395,-2.4797,4.0960,1.2623,3.6023,3.1090,1.4980,1.1659,2.7540,5.6070,5.6717,1.1543,1.2843,2.1561,2.7738,3.7237,4.1658,3.3700,3.1687,1.5532,10.9093,4.1447,2.7128,8.6265,3.4297,1.5260,0.0000,2.0993,3.2743,5.2301,0.0000,3.1057,0.0000,3.5809,10.0831,3.2363,11.0716,10.7002,3.5595,4.4575,3.2958,3.2505,19.4241,2.4513,5.8093,4.4859,13.0524,8.5190,3.3573,2.2209,5.1901,1.5226,6.1328,5.0878,1.2672,4.1115,2.0758,-1.1201,10.8550,0.0000,3.5901,3.0510,2.5581,1.9373,1.6331,4.0216,3.9559,36.7978,9.2955,5.7501,2.1538,4.9229,6.4924,2.8151,3.0230,1.4711,9.9282,6.3353,4.3733,3.1327,-0.2312,4.3793,1.6205,1.6517,2.6956,41.7387,2.3281,2.8608,1.1592,7.4281,36.8535,1.0009,2.6665,2.6423,3.7394,0.0214,2.4949,2.9332,3.5827,0.1909,7.2435,3.2116,5.0398,0.4878,7.0068,-0.8690,2.8357,-1.3862,3.5155,12.4860,4.3659,4.8044,3.9845,0.4264,2.6477,6.2277,144.6021,-4.0940,4.4097,4.6888,2.1321,1.4812,2.9630,25.7220,0.0000,1.8918,1.6355,6.9935,5.6913,3.3473,5.0761,2.3109,5.4355,6.0486,0.5305,4.9492,4.2201,8.4226,1.9081,2.2929,7.6510,1.4592,1.4627,0.0000,0.0000,3.4575,10.7104,4.8148,20.6035,-0.6119,1.2196,0.9321,-0.8643,0.0000,3.3390,4.9363,10.7267,5.7325,4.9050,0.0000,0.0000,0.0000,0.0000,0.0000,0.0000,8.0968,2.6598,0.6402,7.4768,11.2333,6.2784,0.6766,-1.3879,3.7211,10.1722,0.5177,-0.0208,6.5736,3.8873,-0.7870,2.3022,1.6970,-0.4945,10.2590,4.3102,1.1284,14.7368,2.0135,0.6139,2.6161,6.1171,2.4128,3.2414,10.0667,17.1720,8.9725,2.1187,63.8129,8.3543,3.9387,3.2913,-1.2226,3.6342,24.4241,5.9256,17.8113,1.2005,5.6854,8.4273,7.0685,6.0203,5.1748,2.4484,2.0208,10.1754,3.8723,5.5875,6.6055,5.9056,10.4937,5.0720,15.8258,7.1776,6.9487,10.1666
2022/9/30,5.8604,3.1867,2.4442,2.3050,5.0450,0.3106,4.2025,4.6585,8.3423,-0.7730,9.1022,0.0000,14.4175,0.0000,2.0057,1.4181,3.9405,19.2737,4.5517,1.1515,0.0000,3.9345,9.3783,7.5955,0.3812,4.8268,0.8416,7.3121,7.2431,5.9179,2.2362,-0.4513,4.7313,5.1976,4.4475,2.6682,6.9631,6.9541,3.0429,0.0730,1.0421,8.6636,0.6891,11.6516,4.1862,3.7037,0.0000,3.1125,3.2790,6.5395,6.8554,6.9249,2.4124,12.0781,6.6646,3.0383,6.6669,6.1692,2.6245,-1.3611,3.0235,7.0583,0.4135,11.7837,3.7207,5.7352,6.1141,1.4135,23.8488,4.9314,5.8694,6.8012,2.4182,3.2644,5.5464,3.0931,8.0797,-1.4164,-4.0780,26.4147,6.9977,3.7697,15.4189,14.1524,4.9504,5.5260,2.6265,13.8201,3.6254,0.3612,2.6904,1.9190,2.5186,-0.6920,4.3170,0.9115,5.0097,1.3158,-3.9127,0.9183,4.8888,4.7313,3.5414,2.4511,5.8695,3.7296,6.0154,1.5711,2.3233,0.1809,1.2015,3.5717,2.4676,9.9386,6.5238,24.3673,1.3457,18.8781,2.0390,10.0222,3.3616,0.0000,0.0000,0.0000,0.0000,0.0000,4.5490,0.7957,2.0598,6.0483,4.2811,8.9537,6.8160,12.9281,3.6012,7.6328,0.0703,5.6447,4.9511,0.0000,4.3808,1.3074,0.0000,0.3616,0.0000,0.0000,4.5269,23.1766,7.1145,0.0000,9.2798,1.4324,0.0000,0.0000,3.5894,6.3007,2.8879,8.0367,0.0000,0.0000,8.8152,0.0000,5.5559,1.5607,1.8015,6.6534,0.0000,10.8978,0.0000,6.3281,0.8330,3.1043,3.0147,3.4568,4.0950,3.3975,5.6074,8.9723,0.3635,8.3846,0.0000,2.1615,2.2316,0.0000,3.0036,17.2500,3.4656,19.8654,6.4168,9.1801,-2.1152,1.0277,1.6263,5.3139,7.7041,16.6556,6.0599,8.6170,5.7174,7.4430,19.9188,10.4647,4.6186,8.3240,9.0686,14.0878,7.0295,4.0771,4.6849,10.5083,23.7936,9.6828,3.0838,3.2905,8.0252,10.4778,3.5634,6.7933,10.1370,22.9534,24.1352,5.3193,-4.5921,7.6018,4.0312,7.2204,5.6120,3.2324,5.4430,2.8633,6.0785,7.3789,5.3791,5.4809,9.9900,15.9531,3.0287,12.5345,8.3575,-7.3551,11.1064,12.8561,1.4291,-4.3728,-3.1187,3.9419,-15.6771,5.3105,9.6137,23.1937,9.3757,12.9604,17.7216,5.9773,9.4504,-19.3915,-0.1354,7.3254,-2.0381,-1.4596,15.2545,-0.2263,4.7649,7.9677,11.4990,5.6627,4.3199,4.9504,9.1421,0.7292,3.0578,1.7565,3.6272,0.8006,4.6259,-0.5429,-3.5440,5.4870,1.8169,5.1110,4.2944,1.8425,2.3961,4.7867,7.0161,6.9263,1.6888,1.3154,1.8881,3.8615,4.9390,4.9292,4.7477,5.0378,2.8276,11.9772,5.8462,1.8107,12.2794,3.4854,2.3305,0.0000,4.0781,4.1889,6.3046,0.0000,3.9517,0.0000,5.2969,14.0301,1.7551,12.5035,13.7729,4.4288,8.2807,4.2578,4.7108,18.5095,0.5263,7.0574,6.0695,17.3679,13.0687,4.6811,2.6068,5.3721,2.5983,7.6983,7.7016,1.7894,5.0081,2.5198,-2.2228,12.5196,0.0000,5.0894,4.1656,3.2790,2.7306,1.7962,5.8022,5.6582,47.8467,12.4375,8.7224,2.7932,6.8568,8.2727,3.6835,3.4773,0.5189,12.8308,-0.6762,5.7324,4.5596,-1.2018,5.9333,3.4848,3.2053,3.7013,71.3517,2.8889,4.7574,2.0043,9.4372,48.1329,1.4237,3.0731,4.3108,5.4548,0.4196,4.3885,4.1627,5.5331,2.0480,7.8598,3.7862,6.1371,1.1148,13.9061,-2.0232,4.9483,0.1376,3.8819,13.8736,5.0934,6.0284,6.4700,0.3511,4.0498,10.1130,137.5679,-4.0856,7.4936,7.3598,2.7846,2.0667,4.8451,36.9782,0.0000,2.2403,0.9145,9.3061,9.4045,4.1499,9.5221,3.4084,6.6886,9.7717,1.7622,6.6208,8.2181,11.8225,3.6434,2.4720,9.2987,2.3030,2.1415,0.0000,0.0000,5.6103,16.9201,6.2795,30.1621,-0.0889,2.2900,1.4571,0.4863,0.0000,5.8574,7.3943,16.4684,6.7436,5.8399,0.0000,0.0000,0.0000,0.0000,0.0000,0.0000,12.8335,4.5283,1.1412,10.1109,18.5923,10.7432,0.8194,-2.0087,5.1014,12.7324,0.7234,0.7597,7.9725,4.9781,-1.2744,2.6639,5.2629,0.4642,14.1281,5.4894,1.4783,19.6601,0.8760,1.2731,3.5677,6.4741,3.4222,5.3694,17.6935,20.2695,13.4438,3.1661,81.4835,11.4252,5.3523,5.3532,11.8887,4.8998,25.1880,7.8688,20.0696,1.4297,6.7581,16.0191,8.4555,4.8922,6.2985,0.5511,3.1555,12.9629,4.8036,7.1465,6.9548,8.7838,15.4542,6.5369,24.3864,10.5964,9.0989,15.8018
2022/12/31,6.3522,3.7383,2.7163,1.2834,5.6160,1.4032,4.1143,6.7296,9.4940,2.0784,10.5262,0.0000,18.0309,0.0000,2.1777,0.6904,7.4735,21.5124,5.5200,2.6597,0.0000,4.6049,13.4094,11.1478,0.2759,6.5626,1.3730,7.9993,8.2324,8.1819,2.9346,-1.0616,5.3471,10.2247,4.4639,0.0583,10.8866,7.4574,4.5853,0.8234,1.6963,9.7204,1.1120,16.6217,5.0588,6.2957,0.0000,3.9441,5.5829,7.7421,9.9303,9.5750,3.0158,12.9170,8.8770,2.6504,7.1395,4.1082,3.1159,-2.6138,3.8261,8.8235,0.5489,15.5234,3.7335,7.1265,3.1323,2.1727,28.9007,5.1462,5.0672,9.2634,5.2122,4.2304,10.1314,3.9132,9.1259,-0.8291,2.7578,34.1419,8.5781,3.1711,21.7745,17.8615,5.5275,6.8106,2.5824,10.4856,4.1513,0.2119,2.9452,5.6002,2.7788,-1.7233,7.1463,2.4980,6.1662,1.0317,-5.1406,-1.6983,5.6003,4.7769,6.2779,6.0517,7.5563,2.2837,7.3803,-0.1424,3.7535,1.9238,1.6498,3.9723,1.0094,11.8815,7.2206,27.3670,2.0972,23.0320,2.2696,13.2093,3.4405,0.0000,0.0000,0.0000,0.0000,0.0000,5.9847,0.9806,3.0044,7.9086,6.3001,11.2889,7.5830,14.7945,4.3403,9.3816,-2.3394,6.8802,6.8336,0.0000,5.6308,1.9721,0.0000,1.4854,0.0000,0.0000,5.4544,26.1660,7.9095,0.0000,12.3691,2.2443,0.0000,0.0000,4.3467,9.7384,0.0133,10.7883,0.0000,0.0000,8.2408,0.0000,7.2264,0.7131,2.4602,6.4929,0.0000,13.5485,0.0000,8.0354,0.8022,3.3657,2.9814,5.4948,5.3214,4.0581,6.3524,12.1604,0.7571,7.7486,0.0000,2.1793,2.0544,0.0000,6.5807,18.0290,5.9573,21.4506,11.7701,12.0713,-10.3344,2.0854,0.2229,8.2572,7.3345,19.3504,8.5169,13.3257,10.7287,9.1755,33.4056,14.8859,4.5592,11.5562,11.1330,18.2630,9.8860,6.4312,5.7973,13.1788,40.0682,13.2751,8.4673,3.4521,10.9966,14.4973,3.9807,-4.9952,13.0331,25.4352,26.8975,7.3516,-10.0865,6.9125,8.6648,10.3410,5.2012,5.5328,6.6761,3.9391,9.4404,6.1373,6.8231,9.5583,12.6823,11.2807,2.7400,15.2396,12.1902,-10.3550,13.1486,18.0433,4.5068,-5.4618,-4.6251,5.4215,-21.4611,4.2396,14.9024,27.9100,12.4407,14.6773,21.6244,14.4454,12.6250,-21.3788,2.2260,6.7247,-4.0757,-3.8590,19.0300,-0.3654,7.4712,10.5601,12.1918,8.2005,6.4833,7.3839,10.5570,2.9830,3.6454,0.6447,5.2967,1.1394,5.2000,1.5355,-4.1566,9.1734,2.5908,5.8191,4.0710,1.5466,2.3691,6.9627,8.9463,6.0406,1.9393,-0.0401,1.1461,4.7959,5.5667,0.8720,5.7992,6.0743,5.9906,13.1148,7.8622,1.6793,13.5645,1.2686,2.4069,0.0000,2.6894,5.2110,9.4000,0.0000,4.7992,0.0000,6.5124,15.9689,0.5765,12.1057,15.8100,4.7160,9.8793,3.2169,6.1737,23.6673,0.0555,7.9131,7.7905,19.9422,14.6098,5.3211,2.4424,6.1892,2.2236,12.5460,10.2999,2.4302,6.0809,-3.4587,-4.1434,12.7840,0.0000,5.9437,5.2260,4.7896,3.9415,1.7904,7.0757,8.9134,49.6797,18.4560,10.2050,2.4431,8.3230,10.6929,3.9377,3.1721,0.7090,14.6547,-2.9027,6.3553,5.8632,-8.8301,6.8703,2.6548,2.8456,3.7157,103.2314,2.0021,5.4596,1.5459,13.6131,52.7640,2.5776,3.7063,7.2954,7.5503,4.2546,5.3917,6.2859,6.4578,3.5867,8.7317,5.5777,10.5112,3.1358,22.0365,-3.4924,7.9036,2.4365,5.0646,15.6692,3.3970,7.5516,7.6181,0.9140,5.2572,9.8967,140.9299,6.7441,9.3957,12.2080,4.6419,2.3181,5.9852,46.3338,0.0000,3.7537,2.3657,11.6322,11.2001,5.0270,14.1578,5.2043,7.4710,14.4267,4.2520,10.8007,11.0467,16.7438,6.4865,1.5908,9.7652,2.7849,7.4171,0.0000,0.0000,7.1937,22.5703,9.6998,43.5671,-3.6231,1.3246,1.3610,1.2091,0.0000,9.6903,10.2224,19.2204,3.5403,9.9336,0.0000,0.0000,0.0000,0.0000,0.0000,0.0000,11.0944,6.2966,2.1275,12.0071,20.9621,14.2802,1.4279,1.2578,6.3950,15.5293,-12.2538,1.6426,13.6876,5.9393,1.7558,3.9601,5.9741,-0.3438,12.7531,6.0713,2.0413,15.2658,-7.6738,1.0125,4.7252,7.4033,2.8424,8.3169,18.1323,26.9446,14.7905,-4.3937,77.7658,14.6106,7.9121,7.0143,15.1309,7.5991,24.9250,15.8918,19.5547,3.8429,8.1818,19.2409,12.4767,5.0012,6.9221,2.9578,4.5218,17.3652,6.8725,9.5934,9.1913,10.1068,22.7535,5.7134,30.5678,13.6120,11.7167,18.2226
